time_seconds,ax,ay,az,gx,gy,gz,motion_magnitude
0.09702658653259277,-1196.0,-4.0,16268.0,-590.0,-68.0,-216.0,16311.905345483096
0.16109371185302734,-1104.0,-16.0,16444.0,-602.0,-83.0,-217.0,16481.025696236262
0.19179511070251465,-1092.0,-12.0,16320.0,-608.0,-90.0,-227.0,16356.49742457107
0.2208876609802246,-1144.0,64.0,16308.0,-628.0,-69.0,-245.0,16348.201613633226
0.24897336959838867,-1156.0,-104.0,16468.0,-619.0,-82.0,-240.0,16508.851443998155
0.27877140045166016,-1288.0,-48.0,16416.0,-605.0,-73.0,-251.0,16466.520701107445
0.3081934452056885,-1112.0,-56.0,16492.0,-617.0,-46.0,-243.0,16529.54155444125
0.33620572090148926,-1076.0,-64.0,16324.0,-608.0,-37.0,-257.0,16359.549138041672
0.36327576637268066,-1088.0,-32.0,16400.0,-645.0,-29.0,-250.0,16436.081284783184
0.3916444778442383,-1160.0,-32.0,16456.0,-646.0,-22.0,-254.0,16496.865156750235
0.41912245750427246,-1108.0,4.0,16432.0,-649.0,-41.0,-264.0,16469.31401121492
0.446108341217041,-1236.0,0.0,16420.0,-635.0,-26.0,-225.0,16466.453655842233
0.47497010231018066,-1116.0,-60.0,16416.0,-627.0,-74.0,-239.0,16453.99987844901
0.5015082359313965,-976.0,-8.0,16328.0,-594.0,-105.0,-239.0,16357.145961322225
0.5299692153930664,-1036.0,16.0,16324.0,-515.0,-341.0,-208.0,16356.849574413773
0.5568103790283203,-1128.0,164.0,16252.0,-651.0,14.0,-250.0,16291.923888847505
0.5808298587799072,-1104.0,-4.0,16292.0,-556.0,-197.0,-227.0,16329.36300043575
0.6057939529418945,-1120.0,-32.0,16388.0,-562.0,-252.0,-219.0,16426.25849059974
0.6301496028900146,-1020.0,16.0,16320.0,-607.0,-90.0,-231.0,16351.851760580512
0.6526434421539307,-984.0,-136.0,16348.0,-561.0,-195.0,-240.0,16378.151788281852
0.6749899387359619,-1136.0,-64.0,16516.0,-544.0,-215.0,-224.0,16555.1456653211
0.6985037326812744,-1112.0,-28.0,16600.0,-535.0,-292.0,-199.0,16637.227172819395
0.7230582237243652,-916.0,-20.0,16332.0,-474.0,-283.0,-201.0,16357.67954203774
0.748103141784668,-964.0,132.0,16136.0,-560.0,-125.0,-234.0,16165.309028905076
0.7711424827575684,-1060.0,-112.0,16352.0,-485.0,-255.0,-234.0,16386.70339024906
0.794597864151001,-1052.0,-156.0,16320.0,-551.0,-224.0,-252.0,16354.61525074803
0.8189976215362549,-988.0,-56.0,16100.0,-616.0,-80.0,-251.0,16130.383752409612
0.8430726528167725,-1112.0,96.0,16404.0,-615.0,-112.0,-238.0,16441.927380936824
0.8668704032897949,-1076.0,-248.0,16328.0,-595.0,-138.0,-176.0,16365.294497808465
0.8918402194976807,-980.0,4.0,16368.0,-645.0,-63.0,-83.0,16397.311974832948
0.9171595573425293,-1100.0,-216.0,16384.0,-549.0,-208.0,1.0,16422.30531929059
0.9391584396362305,-1184.0,-96.0,16408.0,-639.0,-69.0,93.0,16450.94331641806
0.960993766784668,-960.0,88.0,16388.0,-620.0,-105.0,123.0,16416.32991871204
0.9829251766204834,-992.0,192.0,16440.0,-625.0,-148.0,98.0,16471.02085482257
1.006335973739624,-1036.0,-152.0,16312.0,-551.0,-240.0,-11.0,16345.572611566717
1.0286870002746582,-1052.0,-156.0,16444.0,-568.0,-215.0,-19.0,16478.354772245923
1.0514132976531982,-1048.0,-4.0,16324.0,-565.0,-244.0,-47.0,16357.606670903908
1.074275016784668,-1016.0,-188.0,16232.0,-490.0,-299.0,-90.0,16264.852412487486
1.0978944301605225,-848.0,380.0,16340.0,-676.0,1.0,-282.0,16366.401681493706
1.1213841438293457,-1020.0,404.0,16456.0,-493.0,-246.0,-324.0,16492.530187936598
1.1452982425689697,-1032.0,180.0,16372.0,-609.0,-109.0,-321.0,16405.481035312558
1.170851230621338,-1480.0,600.0,17056.0,-1032.0,534.0,-375.0,17130.60232449519
1.1959497928619385,-864.0,220.0,16236.0,-437.0,-398.0,-198.0,16260.46100207494
1.219416618347168,-1104.0,-140.0,16908.0,-567.0,-123.0,-242.0,16944.5826151015
1.2428936958312988,-996.0,-52.0,15976.0,-560.0,-198.0,-260.0,16007.101424055512
1.2675621509552002,-932.0,-192.0,16436.0,-496.0,-288.0,-344.0,16463.522830791713
1.2910969257354736,-64.0,1392.0,15016.0,-1222.0,1244.0,-465.0,15080.517762994745
1.3164691925048828,-1448.0,-188.0,16724.0,-66.0,-944.0,-143.0,16787.621153695363
1.341681718826294,-860.0,-464.0,16568.0,-659.0,-66.0,-399.0,16596.792461195626
1.36720609664917,-776.0,64.0,16148.0,-624.0,-15.0,-479.0,16166.761456766782
1.3927197456359863,-996.0,124.0,16460.0,-468.0,-264.0,-519.0,16490.57282207019
1.4179997444152832,-956.0,108.0,16320.0,-633.0,5.0,-553.0,16348.333248377341
1.4439759254455566,-1036.0,36.0,16388.0,-526.0,-211.0,-413.0,16420.753210495554
1.4697692394256592,-916.0,228.0,16304.0,-631.0,-35.0,-466.0,16331.302948632114
1.4961655139923096,-1016.0,60.0,16344.0,-586.0,-85.0,-368.0,16375.658521109923
1.5220823287963867,-748.0,-108.0,16380.0,-553.0,-107.0,-396.0,16397.42565160763
1.5476644039154053,-868.0,-36.0,16368.0,-630.0,-16.0,-391.0,16391.03852719528
1.575105905532837,-952.0,104.0,16492.0,-574.0,-172.0,-409.0,16519.781596619247
1.601654052734375,-956.0,-64.0,16532.0,-575.0,-39.0,-350.0,16559.742026976146
1.6279017925262451,-1024.0,24.0,16284.0,-566.0,-116.0,-371.0,16316.182396626975
1.6561391353607178,-1644.0,-296.0,18428.0,-860.0,445.0,-289.0,18503.55468551921
1.6830224990844727,-720.0,-8.0,15720.0,-555.0,-216.0,-225.0,15736.481944831252
1.7107865810394287,-972.0,120.0,16408.0,-530.0,-225.0,-262.0,16437.20316842254
1.736572265625,-1168.0,-16.0,16536.0,-727.0,66.0,-263.0,16577.206519796993
1.7612569332122803,-940.0,124.0,16136.0,-705.0,92.0,-229.0,16163.832218876809
1.7879152297973633,-820.0,-4.0,16532.0,-745.0,128.0,-253.0,16552.32430808435
1.814058542251587,-932.0,88.0,16324.0,-790.0,381.0,-279.0,16350.8208968235
1.8395771980285645,-1100.0,28.0,16308.0,-776.0,218.0,-301.0,16345.08023840813
1.8643584251403809,-1080.0,96.0,16404.0,-665.0,20.0,-273.0,16439.794159295303
1.8909883499145508,-1048.0,-48.0,16332.0,-640.0,-21.0,-228.0,16365.660145560887
1.9159924983978271,-1060.0,-8.0,16396.0,-636.0,-20.0,-235.0,16430.230673974118
1.9408910274505615,-1112.0,16.0,16388.0,-674.0,-25.0,-247.0,16425.691583613763
1.967261791229248,-1124.0,-48.0,16412.0,-588.0,-112.0,-221.0,16450.51439925208
1.994105577468872,-1124.0,4.0,16368.0,-468.0,-297.0,-202.0,16406.54796110382
2.0201914310455322,-932.0,-76.0,16368.0,-525.0,-254.0,-229.0,16394.688896102907
2.0447118282318115,-928.0,4.0,16336.0,-568.0,-143.0,-221.0,16362.337730287809
2.0707361698150635,-1072.0,-24.0,16376.0,-615.0,-119.0,-242.0,16411.06748508457
2.0975937843322754,-1072.0,88.0,16260.0,-588.0,-88.0,-234.0,16295.53705773455
2.1244406700134277,-984.0,104.0,16356.0,-661.0,32.0,-254.0,16385.902721546958
2.1530091762542725,-1084.0,96.0,16380.0,-690.0,32.0,-248.0,16416.110136082785
2.178926706314087,-1000.0,32.0,16364.0,-723.0,144.0,-285.0,16394.557633556327
2.203947067260742,-1044.0,-44.0,16512.0,-716.0,57.0,-263.0,16545.029948597858
2.230933666229248,-1048.0,-32.0,16360.0,-622.0,-130.0,-239.0,16393.563615028917
2.2557554244995117,-1036.0,-48.0,16388.0,-617.0,-55.0,-228.0,16420.783903334213
2.280675172805786,-1044.0,-64.0,16224.0,-622.0,-47.0,-211.0,16257.681507521298
2.3063488006591797,-1048.0,-72.0,16344.0,-645.0,-10.0,-242.0,16377.723407116144
2.3313546180725098,-1108.0,-124.0,16536.0,-566.0,-192.0,-233.0,16573.543254235046
2.3579213619232178,-1012.0,-104.0,16440.0,-445.0,-350.0,-215.0,16471.44680955501
2.383333444595337,-980.0,72.0,16220.0,-482.0,-314.0,-203.0,16249.737967118115
2.4137682914733887,-1048.0,72.0,16500.0,-505.0,-248.0,-224.0,16533.405214897506
2.446992874145508,-900.0,-84.0,16368.0,-583.0,-126.0,-260.0,16392.939943768477
2.4742379188537598,-1008.0,152.0,16472.0,-604.0,-115.0,-302.0,16503.513322926123
2.500713586807251,-1028.0,196.0,16292.0,-679.0,-53.0,-254.0,16325.576988272114
2.525742769241333,-976.0,16.0,16480.0,-728.0,117.0,-257.0,16508.88342680994
2.5528225898742676,-1000.0,16.0,16348.0,-756.0,167.0,-269.0,16378.564039622033
2.5799100399017334,-1120.0,-4.0,16412.0,-665.0,42.0,-236.0,16450.172035574582
2.605030059814453,-1052.0,-60.0,16480.0,-668.0,-9.0,-239.0,16513.65204913801
2.630197048187256,-956.0,20.0,16316.0,-652.0,-34.0,-246.0,16343.995594713062
2.655463457107544,-920.0,-64.0,16516.0,-708.0,105.0,-273.0,16541.727600223625
2.6822216510772705,-1044.0,-60.0,16292.0,-714.0,83.0,-274.0,16325.52602521585
2.7089765071868896,-1092.0,-48.0,16552.0,-639.0,-36.0,-239.0,16588.052085763415
2.7381768226623535,-1072.0,-64.0,16512.0,-441.0,-354.0,-179.0,16546.885628419626
2.7712299823760986,-904.0,-40.0,16272.0,-403.0,-422.0,-189.0,16297.140853536243
2.799915313720703,-980.0,96.0,16372.0,-463.0,-306.0,-199.0,16401.585289233477
2.8300514221191406,-976.0,16.0,16424.0,-561.0,-157.0,-218.0,16452.981735843507
2.855787754058838,-1012.0,-88.0,16252.0,-595.0,-43.0,-285.0,16283.715546520702
2.882537364959717,-1016.0,220.0,16380.0,-629.0,-68.0,-277.0,16412.953908422456
2.9108264446258545,-1052.0,128.0,16424.0,-678.0,16.0,-248.0,16458.15493911757
2.939364194869995,-948.0,96.0,16356.0,-705.0,58.0,-256.0,16383.731443111486
2.966356039047241,-1144.0,-12.0,16520.0,-703.0,30.0,-239.0,16559.567627205728
2.9924018383026123,-972.0,-40.0,16384.0,-682.0,-2.0,-246.0,16412.85593673447
3.0178706645965576,-1060.0,72.0,16460.0,-609.0,-62.0,-245.0,16494.253059778122
3.0432469844818115,-940.0,-4.0,16264.0,-711.0,58.0,-249.0,16291.142133073421
3.0728046894073486,-1048.0,-72.0,16348.0,-771.0,190.0,-271.0,16381.715172716195
3.0978760719299316,-1012.0,-40.0,16592.0,-642.0,27.0,-258.0,16622.882060581433
3.1236419677734375,-1052.0,-120.0,16452.0,-530.0,-275.0,-194.0,16486.036758420745
3.149250030517578,-972.0,-108.0,16436.0,-319.0,-563.0,-189.0,16465.0704219569
3.173954486846924,-856.0,-220.0,16328.0,-377.0,-491.0,-200.0,16351.902641588837
3.1985433101654053,-984.0,40.0,16252.0,-576.0,-195.0,-452.0,16281.810710114523
3.2228519916534424,-1024.0,96.0,16244.0,-637.0,15.0,-426.0,16276.526902260199
3.2478206157684326,-1032.0,152.0,16316.0,-618.0,-55.0,-306.0,16349.311422809218
3.273427963256836,-1024.0,92.0,16388.0,-645.0,-47.0,-269.0,16420.218756155475
3.300473928451538,-932.0,56.0,16404.0,-672.0,-10.0,-271.0,16430.55008208794
3.331557273864746,-1064.0,36.0,16348.0,-765.0,147.0,-293.0,16382.627872231
3.3566324710845947,-888.0,-56.0,16568.0,-647.0,-22.0,-225.0,16591.874637906352
3.382005453109741,-1012.0,-68.0,16428.0,-639.0,-40.0,-248.0,16459.281636815136
3.406834363937378,-996.0,48.0,16296.0,-711.0,68.0,-249.0,16326.479596042742
3.431957244873047,-1020.0,-16.0,16368.0,-789.0,223.0,-262.0,16399.758534807763
3.457063913345337,-1136.0,-16.0,16372.0,-735.0,258.0,-288.0,16411.372154698096
3.482881784439087,-1296.0,-12.0,16412.0,-649.0,-37.0,-224.0,16463.095213233748
3.5083866119384766,-1044.0,-124.0,16292.0,-437.0,-341.0,-213.0,16325.886683423967
3.534182071685791,-960.0,-112.0,16408.0,-385.0,-465.0,-200.0,16436.441464015257
3.5669262409210205,-1060.0,-4.0,16292.0,-428.0,-370.0,-201.0,16326.447255909658
3.5963447093963623,-952.0,-48.0,16416.0,-533.0,-213.0,-236.0,16443.65117606184
3.6272220611572266,-884.0,-36.0,16448.0,-546.0,-139.0,-270.0,16471.777560421342
3.6595680713653564,-1060.0,48.0,16332.0,-596.0,-143.0,-313.0,16366.43296506603
3.6972079277038574,-1036.0,172.0,16420.0,-614.0,-59.0,-283.0,16453.549161199233
3.7317419052124023,-912.0,116.0,16360.0,-699.0,31.0,-276.0,16385.810935074285
3.7619316577911377,-916.0,28.0,16348.0,-723.0,89.0,-256.0,16373.666174684276
3.7884674072265625,-996.0,-40.0,16600.0,-671.0,28.0,-249.0,16629.901262484993
3.8182108402252197,-1000.0,72.0,16476.0,-606.0,-91.0,-216.0,16506.476304772015
3.8455629348754883,-1152.0,104.0,16452.0,-771.0,5.0,-263.0,16492.6111941075
3.872952938079834,-1020.0,-116.0,16360.0,-715.0,151.0,-271.0,16392.176670595032
3.8997621536254883,-1016.0,-52.0,16368.0,-836.0,299.0,-282.0,16399.5848727948
3.9270427227020264,-1168.0,-40.0,16596.0,-682.0,55.0,-268.0,16637.098304692438
3.9543755054473877,-1004.0,-36.0,16328.0,-628.0,-84.0,-246.0,16358.878201148145
3.9822018146514893,-1144.0,-64.0,16692.0,-397.0,-403.0,-182.0,16731.278970837826
4.0116682052612305,-984.0,84.0,16248.0,-459.0,-345.0,-200.0,16277.98562476328
4.038848400115967,-1092.0,60.0,16460.0,-638.0,-11.0,-238.0,16496.29243193755
4.066225051879883,-1136.0,92.0,16292.0,-676.0,20.0,-244.0,16331.816310502638
4.0944976806640625,-1084.0,-36.0,16332.0,-704.0,80.0,-257.0,16367.974095776179
4.121081829071045,-1132.0,76.0,16524.0,-539.0,-251.0,-244.0,16562.903610176567
4.148129940032959,-900.0,36.0,16328.0,-583.0,-160.0,-224.0,16352.824832425742
4.175239562988281,-976.0,-44.0,16392.0,-644.0,-33.0,-252.0,16421.089367030436
4.202936172485352,-1032.0,-4.0,16484.0,-544.0,-197.0,-234.0,16516.273671745694
4.232372522354126,-988.0,-96.0,16388.0,-577.0,-120.0,-217.0,16418.035936128294
4.263684272766113,-972.0,40.0,16276.0,-564.0,-170.0,-227.0,16305.047071382529
4.288137435913086,-992.0,16.0,16284.0,-583.0,-137.0,-215.0,16314.195536403258
4.314356327056885,-1052.0,4.0,16440.0,-607.0,-93.0,-215.0,16473.62498055604
4.339120149612427,-1068.0,-16.0,16416.0,-557.0,-163.0,-212.0,16450.71232500283
4.363982915878296,-1020.0,-104.0,16344.0,-586.0,-113.0,-214.0,16376.12750316753
4.388747215270996,-996.0,96.0,16440.0,-589.0,-144.0,-236.0,16470.422945389106
4.4134745597839355,-972.0,128.0,16392.0,-646.0,-58.0,-242.0,16421.292031993096
4.4380598068237305,-864.0,32.0,16432.0,-692.0,93.0,-257.0,16454.73014060091
4.462565183639526,-1040.0,92.0,16604.0,-765.0,157.0,-264.0,16636.79296018316
4.488068342208862,-920.0,76.0,16332.0,-728.0,97.0,-274.0,16358.068345620763
4.513495206832886,-1100.0,4.0,16384.0,-724.0,100.0,-244.0,16420.885238013205
4.537334203720093,-1184.0,-48.0,16304.0,-654.0,-9.0,-246.0,16347.005107970084
4.560985803604126,-1048.0,-112.0,16316.0,-731.0,149.0,-230.0,16350.00623853092
4.585153341293335,-1136.0,-96.0,16524.0,-800.0,243.0,-265.0,16563.28131742017
4.609262228012085,-1092.0,24.0,16588.0,-668.0,12.0,-249.0,16623.922040240683
4.633807897567749,-1088.0,-20.0,16444.0,-546.0,-225.0,-229.0,16479.966019382442
4.657942056655884,-1004.0,48.0,16432.0,-396.0,-450.0,-187.0,16462.713749561462
4.683950901031494,-984.0,16.0,16200.0,-378.0,-489.0,-180.0,16229.864817674854
4.7079973220825195,-1068.0,16.0,16308.0,-486.0,-309.0,-196.0,16342.941718062877
4.732996702194214,-948.0,-60.0,16296.0,-502.0,-248.0,-221.0,16323.66135399776
4.756228923797607,-1008.0,-156.0,16396.0,-524.0,-231.0,-271.0,16427.696612733023
4.782265901565552,-1084.0,152.0,16440.0,-665.0,-69.0,-265.0,16476.400092253163
4.814715623855591,-1020.0,140.0,16288.0,-708.0,114.0,-273.0,16320.50685487433
4.846933364868164,-1048.0,72.0,16308.0,-774.0,176.0,-261.0,16341.79769792785
4.878066062927246,-1060.0,88.0,16648.0,-670.0,48.0,-262.0,16681.943771635248
4.9174463748931885,-1040.0,-96.0,16320.0,-632.0,-64.0,-248.0,16353.385459897898
4.949259519577026,-948.0,32.0,16408.0,-636.0,-66.0,-218.0,16435.394488724633
4.975667953491211,-892.0,-4.0,16244.0,-739.0,106.0,-260.0,16268.473069099018
5.003143548965454,-1004.0,40.0,16280.0,-745.0,184.0,-271.0,16310.978388803045
5.032074451446533,-1092.0,12.0,16412.0,-649.0,82.0,-260.0,16448.29328532295
5.059528350830078,-1120.0,-72.0,16416.0,-552.0,-188.0,-211.0,16454.319797548607
5.085627317428589,-1004.0,-144.0,16412.0,-469.0,-314.0,-207.0,16443.311588606473
5.112027168273926,-1132.0,-40.0,16360.0,-526.0,-268.0,-214.0,16399.165344614343
5.137025833129883,-968.0,-100.0,16344.0,-490.0,-247.0,-204.0,16372.945978045613
5.1647021770477295,-944.0,12.0,16456.0,-513.0,-199.0,-207.0,16483.058454061247
5.191556215286255,-1000.0,36.0,16376.0,-545.0,-206.0,-219.0,16406.54357261151
5.217233180999756,-980.0,164.0,16368.0,-604.0,-86.0,-236.0,16398.13160088673
5.243352174758911,-1004.0,12.0,16396.0,-656.0,-29.0,-246.0,16426.71531378078
5.270303726196289,-984.0,44.0,16536.0,-638.0,-24.0,-237.0,16565.309776759383
5.297613143920898,-1052.0,16.0,16272.0,-595.0,-78.0,-221.0,16305.97878080307
5.325283050537109,-1020.0,-28.0,16292.0,-635.0,-41.0,-240.0,16323.922567814392
5.352452754974365,-976.0,44.0,16368.0,-669.0,61.0,-239.0,16397.131944337096
5.3792619705200195,-960.0,-52.0,16360.0,-808.0,290.0,-284.0,16388.224553013668
5.40502405166626,-1100.0,32.0,16336.0,-816.0,300.0,-248.0,16373.024155604242
5.437076807022095,-1152.0,0.0,16644.0,-636.0,-4.0,-238.0,16683.819706530037
5.46554970741272,-1172.0,-16.0,16448.0,-436.0,-391.0,-189.0,16489.71024608983
5.491236209869385,-1024.0,-8.0,16352.0,-346.0,-545.0,-165.0,16384.033203091356
5.516827583312988,-884.0,136.0,16324.0,-480.0,-285.0,-192.0,16348.483966411075
5.544497489929199,-1080.0,56.0,16292.0,-657.0,79.0,-298.0,16327.853502527514
5.570296764373779,-972.0,-164.0,16360.0,-483.0,-343.0,-292.0,16389.669917359533
5.5953590869903564,-916.0,72.0,16228.0,-587.0,-165.0,-321.0,16253.991017593187
5.621202707290649,-1088.0,136.0,16440.0,-768.0,91.0,-286.0,16476.523905241662
5.646095275878906,-968.0,48.0,16468.0,-777.0,164.0,-276.0,16496.49514290839
5.670623540878296,-1052.0,32.0,16484.0,-746.0,162.0,-263.0,16517.56592237488
5.694985628128052,-1116.0,-56.0,16436.0,-605.0,-67.0,-222.0,16473.939662387987
5.719364643096924,-1048.0,164.0,16236.0,-667.0,-40.0,-227.0,16270.614493620085
5.74449610710144,-1024.0,36.0,16352.0,-818.0,313.0,-290.0,16384.070800628273
5.769946098327637,-980.0,84.0,16500.0,-877.0,357.0,-317.0,16529.290849882218
5.797419548034668,-1084.0,24.0,16224.0,-590.0,-96.0,-223.0,16260.190896788388
5.826683521270752,-1100.0,-152.0,16592.0,-466.0,-450.0,-188.0,16629.11807643448
5.85215425491333,-976.0,64.0,16372.0,-400.0,-388.0,-200.0,16401.190688483566
5.876174211502075,-1072.0,-112.0,16424.0,-617.0,-72.0,-252.0,16459.328783398185
5.900789976119995,-1252.0,-68.0,16484.0,-652.0,-54.0,-215.0,16531.617706685574
5.929968357086182,-1032.0,-16.0,16436.0,-545.0,-221.0,-205.0,16468.375026091675
5.955185890197754,-1036.0,-36.0,16240.0,-560.0,-186.0,-200.0,16273.051096828769
5.980963230133057,-980.0,128.0,16524.0,-759.0,167.0,-259.0,16553.530137103688
6.007034540176392,-1132.0,-48.0,16312.0,-776.0,186.0,-280.0,16351.30184419577
6.039705753326416,-1156.0,32.0,16568.0,-677.0,18.0,-260.0,16608.31069073553
6.065725564956665,-1036.0,-76.0,16448.0,-585.0,-125.0,-205.0,16480.769884929527
6.089933633804321,-968.0,-56.0,16340.0,-595.0,-159.0,-213.0,16368.743384878388
6.1139984130859375,-964.0,32.0,16388.0,-711.0,12.0,-251.0,16416.359645183216
6.138437271118164,-1156.0,-160.0,16440.0,-706.0,98.0,-249.0,16481.36936058409
6.163092374801636,-1132.0,16.0,16468.0,-707.0,90.0,-244.0,16506.868388643557
6.1869893074035645,-1180.0,-52.0,16448.0,-554.0,-189.0,-235.0,16490.354999210904
6.212114334106445,-1004.0,4.0,16336.0,-565.0,-165.0,-227.0,16366.824004674823
6.236760139465332,-1088.0,32.0,16428.0,-616.0,-83.0,-240.0,16464.01992224256
6.2614593505859375,-1060.0,-28.0,16504.0,-574.0,-159.0,-218.0,16538.028903106922
6.286513328552246,-984.0,24.0,16376.0,-538.0,-182.0,-228.0,16405.554181435018
6.311352729797363,-1044.0,52.0,16388.0,-594.0,-100.0,-219.0,16421.302749782066
6.3354809284210205,-1040.0,12.0,16384.0,-638.0,-43.0,-235.0,16416.979015641093
6.359629392623901,-984.0,0.0,16472.0,-605.0,-81.0,-238.0,16501.364792040687
6.383445501327515,-1044.0,-104.0,16376.0,-547.0,-175.0,-214.0,16409.57427845098
6.407095670700073,-1044.0,-28.0,16432.0,-575.0,-138.0,-230.0,16465.155450222752
6.431107044219971,-1056.0,-40.0,16292.0,-616.0,-78.0,-233.0,16326.236553474288
6.455883979797363,-1092.0,-16.0,16472.0,-701.0,43.0,-252.0,16508.164767774764
6.479692459106445,-1076.0,12.0,16444.0,-718.0,100.0,-266.0,16479.170367466926
6.503590822219849,-1052.0,20.0,16396.0,-636.0,-4.0,-238.0,16429.726717142923
6.527581691741943,-1060.0,24.0,16432.0,-634.0,-80.0,-234.0,16466.17138256492
6.551661491394043,-1044.0,60.0,16352.0,-646.0,-31.0,-235.0,16385.40326021914
6.576856851577759,-972.0,44.0,16428.0,-569.0,-86.0,-222.0,16456.788994211478
6.601179838180542,-1072.0,104.0,16236.0,-576.0,-128.0,-237.0,16271.683871068784
6.624201774597168,-1072.0,-72.0,16536.0,-586.0,-143.0,-251.0,16570.86793140299
6.646447658538818,-1172.0,12.0,16576.0,-597.0,-106.0,-228.0,16617.385594611445
6.669303894042969,-912.0,-12.0,16360.0,-614.0,-66.0,-238.0,16385.404724937373
6.6920154094696045,-1164.0,-40.0,16384.0,-606.0,-64.0,-231.0,16425.344806122033
6.714857339859009,-1028.0,4.0,16448.0,-619.0,-56.0,-235.0,16480.094174488204
6.737362623214722,-1076.0,16.0,16416.0,-574.0,-126.0,-218.0,16451.23363155481
6.760322332382202,-960.0,0.0,16324.0,-643.0,-50.0,-237.0,16352.204010469048
6.783460378646851,-932.0,-48.0,16424.0,-675.0,1.0,-232.0,16450.49251542336
6.807243585586548,-1036.0,-12.0,16360.0,-658.0,-49.0,-231.0,16392.77401784091
6.835405588150024,-1092.0,-36.0,16432.0,-612.0,-74.0,-232.0,16468.28418506312
6.860262632369995,-1004.0,8.0,16496.0,-593.0,-107.0,-236.0,16526.527039883484
6.883150815963745,-1048.0,4.0,16448.0,-651.0,-20.0,-234.0,16481.353827886833
6.906758546829224,-1084.0,-88.0,16352.0,-711.0,82.0,-246.0,16388.12692164666
6.931166410446167,-1124.0,-148.0,16548.0,-567.0,-142.0,-198.0,16586.789442203695
6.9545066356658936,-972.0,-36.0,16296.0,-599.0,-147.0,-231.0,16325.002174578722
6.978506088256836,-1016.0,56.0,16572.0,-607.0,-80.0,-251.0,16603.20981015418
7.002954721450806,-1112.0,-64.0,16464.0,-594.0,-113.0,-250.0,16501.634343300666
7.029298543930054,-1088.0,132.0,16396.0,-578.0,-149.0,-220.0,16432.589083890583
7.055285215377808,-992.0,-76.0,16496.0,-470.0,-297.0,-210.0,16525.975190590114
7.080357551574707,-932.0,72.0,16308.0,-557.0,-136.0,-222.0,16334.76880766912
7.106048822402954,-1080.0,144.0,16356.0,-624.0,-82.0,-226.0,16392.250364120235
7.131625413894653,-1052.0,28.0,16424.0,-700.0,20.0,-255.0,16457.681003106118
7.1571364402771,-1160.0,-60.0,16516.0,-594.0,-63.0,-222.0,16556.794858909136
7.182714462280273,-1080.0,-4.0,16104.0,-672.0,31.0,-257.0,16140.174472415098
7.208240032196045,-1012.0,12.0,16304.0,-724.0,67.0,-260.0,16335.381966761597
7.23166036605835,-992.0,-28.0,16408.0,-634.0,-59.0,-239.0,16437.983817974757
7.2547829151153564,-1060.0,-32.0,16572.0,-609.0,-77.0,-235.0,16605.896783974058
7.278027296066284,-1072.0,168.0,16400.0,-545.0,-137.0,-216.0,16435.85738560663
7.301203489303589,-948.0,36.0,16296.0,-615.0,-52.0,-230.0,16323.590781442666
7.324531078338623,-1036.0,-44.0,16292.0,-607.0,-66.0,-224.0,16324.96542109661
7.349307060241699,-980.0,-56.0,16408.0,-548.0,-141.0,-206.0,16437.335550508178
7.377642631530762,-1012.0,-24.0,16328.0,-571.0,-49.0,-224.0,16359.34913130715
7.400631666183472,-1056.0,-124.0,16464.0,-580.0,-89.0,-211.0,16498.297124248915
7.42384147644043,-1148.0,-68.0,16400.0,-579.0,-153.0,-210.0,16440.271530604354
7.446842670440674,-1096.0,-112.0,16376.0,-637.0,-125.0,-231.0,16413.01727288435
7.470165729522705,-1080.0,180.0,16208.0,-700.0,-26.0,-263.0,16244.93964285494
7.493109703063965,-996.0,44.0,16428.0,-676.0,32.0,-246.0,16458.223962505795
7.515522003173828,-884.0,-44.0,16328.0,-655.0,76.0,-222.0,16351.971624241525
7.538295269012451,-992.0,84.0,16332.0,-648.0,-60.0,-222.0,16362.314750670212
7.56203556060791,-968.0,104.0,16404.0,-739.0,151.0,-259.0,16432.86511841438
7.588814973831177,-1100.0,-48.0,16436.0,-768.0,152.0,-268.0,16472.838249676344
7.614650726318359,-1068.0,-56.0,16484.0,-699.0,27.0,-255.0,16518.65660397358
7.640905857086182,-1128.0,-40.0,16412.0,-653.0,31.0,-251.0,16450.766790639274
7.66533637046814,-1152.0,16.0,16396.0,-621.0,-62.0,-238.0,16436.42832247931
7.689636707305908,-1104.0,-12.0,16400.0,-641.0,-49.0,-219.0,16437.121402484074
7.714232921600342,-1068.0,-24.0,16488.0,-622.0,-97.0,-239.0,16522.570744287947
7.739102125167847,-1096.0,8.0,16456.0,-448.0,-406.0,-191.0,16492.459367844443
7.763556241989136,-892.0,-28.0,16432.0,-451.0,-368.0,-213.0,16456.21681918417
7.790245532989502,-1032.0,-4.0,16300.0,-626.0,-40.0,-225.0,16332.637264079553
7.816737651824951,-1036.0,-52.0,16532.0,-588.0,-84.0,-235.0,16564.510979802573
7.846517324447632,-984.0,36.0,16356.0,-557.0,-104.0,-223.0,16385.612225364057
7.871562480926514,-1080.0,96.0,16316.0,-616.0,-52.0,-231.0,16351.986790601319
7.897082090377808,-1200.0,48.0,16440.0,-651.0,-62.0,-230.0,16483.807327192342
7.923980951309204,-1256.0,-40.0,16436.0,-470.0,-327.0,-221.0,16483.968939548507
7.949458837509155,-928.0,36.0,16300.0,-511.0,-292.0,-202.0,16326.435005842519
7.973562717437744,-960.0,52.0,16376.0,-585.0,-138.0,-255.0,16404.197023932626
7.997817516326904,-964.0,-16.0,16256.0,-606.0,-108.0,-250.0,16284.565944476382
8.02214765548706,-1020.0,-32.0,16436.0,-634.0,-56.0,-245.0,16467.65071283697
8.045234680175781,-1144.0,-128.0,16428.0,-642.0,-71.0,-234.0,16468.281756151733
8.069048881530762,-1000.0,92.0,16248.0,-659.0,-10.0,-249.0,16279.003900730535
8.092848062515259,-1036.0,124.0,16412.0,-739.0,114.0,-259.0,16445.133505082893
8.115829706192017,-996.0,-32.0,16540.0,-710.0,73.0,-256.0,16569.99215449422
8.139630556106567,-1008.0,-52.0,16496.0,-783.0,175.0,-271.0,16526.850395644055
8.163853406906128,-1116.0,-12.0,16608.0,-684.0,50.0,-274.0,16645.457758800145
8.188530683517456,-996.0,148.0,16284.0,-508.0,-73.0,-224.0,16315.10269658147
8.21336555480957,-1100.0,12.0,16328.0,-552.0,-212.0,-224.0,16365.015368156548
8.240026473999023,-1072.0,-52.0,16340.0,-517.0,-206.0,-250.0,16375.209555911033
8.264875650405884,-996.0,28.0,16300.0,-487.0,-254.0,-186.0,16330.425591514753
8.297311305999756,-964.0,76.0,16316.0,-532.0,-165.0,-228.0,16344.629943807233
8.32715106010437,-1056.0,36.0,16172.0,-593.0,-147.0,-211.0,16206.480679037013
8.354028463363647,-1072.0,16.0,16496.0,-686.0,106.0,-262.0,16530.80324727144
8.3810133934021,-1168.0,100.0,16396.0,-629.0,-37.0,-240.0,16437.853874517805
8.404962539672852,-1148.0,-44.0,16452.0,-616.0,-75.0,-235.0,16492.06306075744
8.432028770446777,-1012.0,24.0,16544.0,-609.0,-79.0,-238.0,16574.940603211824
8.45632791519165,-972.0,-20.0,16360.0,-656.0,-1.0,-272.0,16388.86158340475
8.480278015136719,-1016.0,8.0,16504.0,-681.0,34.0,-248.0,16535.24526579512
8.505055665969849,-996.0,-16.0,16276.0,-624.0,-45.0,-228.0,16306.454182316891
8.529906272888184,-1044.0,44.0,16540.0,-644.0,-5.0,-223.0,16572.974144673008
8.553702116012573,-1108.0,52.0,16408.0,-601.0,-83.0,-213.0,16445.45019146633
8.577348709106445,-1148.0,-32.0,16340.0,-538.0,-193.0,-232.0,16380.30915459168
8.602029800415039,-1020.0,-72.0,16384.0,-665.0,-7.0,-243.0,16415.87767985617
8.627444505691528,-988.0,60.0,16172.0,-650.0,45.0,-229.0,16202.263051808533
8.652530431747437,-988.0,20.0,16548.0,-608.0,-66.0,-235.0,16577.480146270722
8.676419258117676,-992.0,92.0,16456.0,-586.0,-126.0,-219.0,16486.129442655725
8.70016860961914,-1120.0,12.0,16316.0,-529.0,-162.0,-202.0,16354.4000195666
8.723179578781128,-1148.0,104.0,16484.0,-569.0,-87.0,-240.0,16524.254173789508
8.745500326156616,-1052.0,56.0,16348.0,-591.0,-147.0,-234.0,16381.909046261977
8.76889181137085,-996.0,-8.0,16264.0,-592.0,-59.0,-232.0,16294.470718621087
8.798691749572754,-900.0,32.0,16508.0,-523.0,-214.0,-220.0,16532.546325354724
8.823233127593994,-1048.0,-40.0,16368.0,-661.0,-47.0,-220.0,16401.564803396046
8.84901738166809,-1068.0,52.0,16284.0,-597.0,-70.0,-218.0,16319.068110648966
8.873753786087036,-1164.0,12.0,16492.0,-629.0,-91.0,-251.0,16533.030696154896
8.898409128189087,-1124.0,56.0,16448.0,-645.0,-2.0,-237.0,16486.455531738775
8.924296617507935,-1112.0,28.0,16532.0,-648.0,-12.0,-255.0,16569.379952188916
8.948987483978271,-888.0,140.0,16400.0,-655.0,-24.0,-224.0,16424.62005648837
8.974091291427612,-1092.0,96.0,16352.0,-617.0,-55.0,-241.0,16388.70293830479
8.999528884887695,-1036.0,-44.0,16412.0,-527.0,-224.0,-203.0,16444.72486847986
9.024773120880127,-1116.0,-36.0,16252.0,-641.0,-70.0,-239.0,16290.31172200213
9.04956603050232,-1124.0,0.0,16400.0,-587.0,-146.0,-235.0,16438.472435113916
9.07427716255188,-1028.0,-24.0,16412.0,-650.0,-56.0,-246.0,16444.181463362656
9.099493503570557,-1044.0,20.0,16240.0,-659.0,47.0,-265.0,16273.534834202434
9.12361764907837,-1036.0,-52.0,16472.0,-678.0,67.0,-244.0,16504.629168812004
9.147406816482544,-988.0,-40.0,16344.0,-637.0,4.0,-231.0,16373.884084113946
9.170967102050781,-1036.0,56.0,16500.0,-683.0,40.0,-250.0,16532.586972400903
9.194814205169678,-1108.0,64.0,16452.0,-606.0,-76.0,-248.0,16489.392469099643
9.218186140060425,-1040.0,144.0,16384.0,-589.0,-92.0,-245.0,16417.606159242583
9.241338968276978,-928.0,52.0,16332.0,-548.0,-164.0,-214.0,16358.426330182252
9.265644073486328,-1044.0,88.0,16340.0,-620.0,-22.0,-238.0,16373.554287325645
9.28947401046753,-972.0,40.0,16396.0,-747.0,132.0,-245.0,16424.83485457312
9.313201904296875,-1120.0,-72.0,16660.0,-687.0,61.0,-238.0,16697.759849752303
9.33547043800354,-1208.0,68.0,16368.0,-563.0,-181.0,-226.0,16412.657067032138
9.357818603515625,-1112.0,-100.0,16376.0,-522.0,-275.0,-214.0,16414.01596197591
9.381081819534302,-1012.0,-212.0,16440.0,-682.0,80.0,-253.0,16472.48275154659
9.404833555221558,-1036.0,32.0,16300.0,-643.0,7.0,-239.0,16332.921355348528
9.42921781539917,-856.0,-60.0,16376.0,-623.0,-24.0,-221.0,16398.466757596576
9.452256441116333,-1100.0,36.0,16392.0,-703.0,93.0,-245.0,16428.906232613295
9.474983930587769,-1076.0,-4.0,16364.0,-570.0,-222.0,-237.0,16399.33803542082
9.49805760383606,-1148.0,-16.0,16496.0,-515.0,-258.0,-222.0,16535.90566010825
9.521194219589233,-1164.0,-20.0,16436.0,-490.0,-264.0,-224.0,16477.1779137084
9.545722007751465,-948.0,-88.0,16188.0,-510.0,-268.0,-225.0,16215.973359622913
9.568646907806396,-968.0,-44.0,16452.0,-647.0,-35.0,-266.0,16480.51164254314
9.592453241348267,-928.0,12.0,16296.0,-722.0,85.0,-251.0,16322.406195166202
9.616073608398438,-1056.0,36.0,16468.0,-606.0,-71.0,-231.0,16501.862197946026
9.640211582183838,-1008.0,12.0,16496.0,-639.0,-18.0,-224.0,16526.77294573868
9.662367343902588,-960.0,76.0,16388.0,-684.0,21.0,-248.0,16416.269978286786
9.687851905822754,-1116.0,140.0,16484.0,-693.0,84.0,-254.0,16522.32768105027
9.709851026535034,-944.0,-32.0,16400.0,-688.0,262.0,-268.0,16427.177481235176
9.73210096359253,-932.0,-40.0,16408.0,-701.0,174.0,-247.0,16434.496889165788
9.755447387695312,-1044.0,28.0,16296.0,-639.0,-111.0,-232.0,16329.431588392781
9.778438329696655,-1136.0,-24.0,16376.0,-434.0,-358.0,-230.0,16415.372307687692
9.800722360610962,-1136.0,-28.0,16468.0,-428.0,-383.0,-225.0,16507.159174128054
9.824665307998657,-1120.0,-28.0,16460.0,-466.0,-313.0,-233.0,16498.08425242155
9.848522186279297,-940.0,-64.0,16064.0,-577.0,-140.0,-234.0,16091.606259165055
9.87950325012207,-1036.0,-16.0,16432.0,-675.0,44.0,-248.0,16464.634098576258
9.90272855758667,-944.0,-64.0,16380.0,-699.0,85.0,-253.0,16407.304227081302
9.9261314868927,-1164.0,60.0,16424.0,-624.0,-71.0,-224.0,16465.30509890418
9.949279308319092,-1100.0,104.0,16332.0,-644.0,-20.0,-229.0,16369.332301593733
9.972965478897095,-1076.0,-32.0,16496.0,-672.0,9.0,-243.0,16531.08635268717
9.9963538646698,-976.0,48.0,16456.0,-674.0,60.0,-257.0,16484.987594778468
10.02048110961914,-1060.0,-52.0,16392.0,-694.0,48.0,-272.0,16426.319368623026
10.045590877532959,-1016.0,-44.0,16280.0,-577.0,-217.0,-255.0,16311.73172903478
10.070408821105957,-1216.0,-116.0,16756.0,-461.0,-218.0,-236.0,16800.46570783084
10.095706939697266,-1092.0,-36.0,16320.0,-490.0,-244.0,-215.0,16356.532639896514
10.120902061462402,-1028.0,-84.0,16200.0,-616.0,-40.0,-243.0,16232.801360208903
10.145824670791626,-968.0,48.0,16408.0,-636.0,-19.0,-255.0,16436.59916162708
10.170623302459717,-1008.0,32.0,16564.0,-643.0,-24.0,-225.0,16594.673362256937
10.196042776107788,-952.0,-32.0,16344.0,-674.0,30.0,-218.0,16371.733689502771
10.222008228302002,-1140.0,52.0,16328.0,-624.0,-52.0,-207.0,16367.830888666953
10.247175216674805,-1116.0,48.0,16408.0,-611.0,-112.0,-228.0,16445.978961436136
10.272531032562256,-1076.0,-12.0,16448.0,-562.0,-172.0,-225.0,16483.161832609665
10.29754114151001,-1060.0,-68.0,16208.0,-571.0,-150.0,-236.0,16242.767251918622
10.321891784667969,-1136.0,-52.0,16316.0,-565.0,-197.0,-219.0,16355.581799495852
10.346565961837769,-1104.0,-128.0,16396.0,-559.0,-175.0,-221.0,16433.624554552778
10.371355056762695,-1040.0,-64.0,16252.0,-554.0,-157.0,-217.0,16285.367665484253
10.397960186004639,-912.0,28.0,16356.0,-612.0,-109.0,-233.0,16381.4304625695
10.429336309432983,-1064.0,-68.0,16364.0,-712.0,108.0,-255.0,16398.695557878986
10.458091735839844,-952.0,-56.0,16392.0,-688.0,67.0,-241.0,16419.71692813247
10.484206676483154,-996.0,96.0,16444.0,-577.0,-130.0,-235.0,16474.415558677643
10.508996725082397,-1004.0,84.0,16400.0,-584.0,-58.0,-213.0,16430.918172761983
10.533577680587769,-996.0,36.0,16244.0,-634.0,-20.0,-208.0,16274.546015173511
10.558184385299683,-1184.0,0.0,16316.0,-653.0,2.0,-261.0,16358.903141714605
10.583701133728027,-1116.0,-148.0,16324.0,-694.0,45.0,-248.0,16362.77287014643
10.608406782150269,-1140.0,-128.0,16504.0,-612.0,-92.0,-210.0,16543.82059864045
10.633578538894653,-1140.0,-8.0,16440.0,-608.0,-60.0,-242.0,16479.4800888863
10.657820701599121,-1108.0,36.0,16484.0,-636.0,-42.0,-251.0,16521.235304903807
10.683991193771362,-1040.0,36.0,16464.0,-597.0,-46.0,-241.0,16496.85400311223
10.710480690002441,-1128.0,48.0,16444.0,-532.0,-228.0,-211.0,16482.71288350313
10.735374212265015,-984.0,20.0,16264.0,-549.0,-225.0,-209.0,16293.75193133859
10.759818077087402,-948.0,72.0,16264.0,-517.0,-230.0,-208.0,16291.764299792701
10.785515308380127,-972.0,-56.0,16444.0,-570.0,-149.0,-210.0,16472.797455198677
10.810643672943115,-1184.0,8.0,16376.0,-539.0,-202.0,-221.0,16418.748307955757
10.837035417556763,-980.0,-116.0,16352.0,-575.0,-142.0,-223.0,16381.750822180149
10.863117218017578,-1068.0,28.0,16404.0,-646.0,13.0,-272.0,16438.75372405098
10.889497995376587,-1056.0,140.0,16436.0,-684.0,61.0,-252.0,16470.483660172216
10.91529893875122,-1084.0,-44.0,16320.0,-708.0,57.0,-253.0,16356.020053790591
10.940322875976562,-968.0,0.0,16416.0,-716.0,68.0,-244.0,16444.515195042997
10.965365886688232,-924.0,52.0,16420.0,-654.0,-4.0,-258.0,16446.059710459525
10.991453170776367,-1068.0,-4.0,16328.0,-626.0,-54.0,-243.0,16362.891675984412
11.016755819320679,-900.0,124.0,16400.0,-616.0,-113.0,-224.0,16425.14462645611
11.042224884033203,-1004.0,-28.0,16408.0,-551.0,-167.0,-215.0,16438.712358332694
11.067613363265991,-1104.0,164.0,16440.0,-524.0,-202.0,-216.0,16477.843062731237
11.093310832977295,-1124.0,8.0,16360.0,-489.0,-263.0,-193.0,16398.568230184
11.119452953338623,-1008.0,-100.0,16364.0,-532.0,-261.0,-216.0,16395.321283829726
11.14444375038147,-1056.0,16.0,16396.0,-612.0,-91.0,-247.0,16429.97894094816
11.170432567596436,-988.0,48.0,16352.0,-684.0,9.0,-243.0,16381.890977539802
11.194923162460327,-1056.0,56.0,16324.0,-711.0,64.0,-263.0,16358.216528705078
11.220266580581665,-1040.0,36.0,16564.0,-724.0,48.0,-264.0,16596.656048734636
11.244881868362427,-988.0,144.0,16332.0,-651.0,11.0,-234.0,16362.490763939333
11.271172285079956,-920.0,132.0,16368.0,-594.0,-76.0,-242.0,16394.366349450655
11.295990705490112,-1256.0,-32.0,16420.0,-622.0,-142.0,-226.0,16467.998056837387
11.320903539657593,-1060.0,-24.0,16268.0,-606.0,-88.0,-238.0,16302.515143375884
11.345030784606934,-1116.0,-20.0,16260.0,-718.0,87.0,-267.0,16298.265429179879
11.369511365890503,-1156.0,-132.0,16564.0,-547.0,-175.0,-216.0,16604.814241658954
11.394448041915894,-1032.0,-28.0,16496.0,-543.0,-164.0,-207.0,16528.27347305217
11.42112135887146,-924.0,32.0,16344.0,-573.0,-89.0,-236.0,16370.129382506419
11.446344375610352,-1016.0,56.0,16332.0,-603.0,-137.0,-232.0,16363.667559566224
11.471788883209229,-1036.0,96.0,16560.0,-595.0,-98.0,-244.0,16592.65234976012
11.496978521347046,-956.0,120.0,16284.0,-639.0,-22.0,-241.0,16312.479639834037
11.52153730392456,-996.0,192.0,16456.0,-676.0,36.0,-237.0,16487.231908358663
11.546140193939209,-1044.0,12.0,16340.0,-702.0,51.0,-239.0,16373.322204122167
11.57107925415039,-976.0,112.0,16424.0,-577.0,-118.0,-239.0,16453.355159358834
11.596068382263184,-1024.0,-36.0,16400.0,-624.0,-94.0,-230.0,16431.97711780296
11.6208336353302,-988.0,-16.0,16384.0,-592.0,-76.0,-229.0,16413.770316414204
11.64548921585083,-948.0,44.0,16444.0,-698.0,47.0,-240.0,16471.362299457807
11.669970512390137,-1132.0,-40.0,16536.0,-692.0,86.0,-249.0,16574.74947020316
11.695444345474243,-1028.0,-16.0,16476.0,-681.0,41.0,-264.0,16508.04700744458
11.721595048904419,-1176.0,-4.0,16464.0,-573.0,-166.0,-221.0,16505.947049472805
11.745930433273315,-976.0,-12.0,16312.0,-512.0,-241.0,-215.0,16341.176946597207
11.770993709564209,-1020.0,36.0,16324.0,-535.0,-230.0,-197.0,16355.875763773704
11.79602837562561,-916.0,100.0,16304.0,-556.0,-196.0,-212.0,16330.017513768931
11.822136402130127,-936.0,84.0,16328.0,-616.0,-108.0,-248.0,16355.021736457582
11.850000619888306,-932.0,12.0,16504.0,-650.0,-8.0,-264.0,16530.298968863208
11.875873327255249,-984.0,48.0,16240.0,-722.0,97.0,-252.0,16269.854332476367
11.904161930084229,-1132.0,-24.0,16340.0,-642.0,-13.0,-247.0,16379.181908752342
11.930241346359253,-1128.0,-24.0,16356.0,-573.0,-140.0,-228.0,16394.867977510523
11.955217599868774,-1060.0,40.0,16176.0,-566.0,-135.0,-217.0,16210.74261099719
11.980197429656982,-1012.0,-88.0,16388.0,-705.0,71.0,-248.0,16419.452853246967
12.00570034980774,-980.0,44.0,16328.0,-760.0,174.0,-259.0,16357.44234286033
12.031981706619263,-1044.0,-52.0,16424.0,-699.0,92.0,-248.0,16457.22990056346
12.057132244110107,-992.0,-172.0,16636.0,-605.0,73.0,-202.0,16666.437651759898
12.08302617073059,-1044.0,56.0,16388.0,-518.0,-264.0,-214.0,16421.3159034226
12.108947277069092,-952.0,72.0,16488.0,-475.0,-292.0,-210.0,16515.617820717456
12.134833812713623,-1064.0,8.0,16476.0,-536.0,-228.0,-219.0,16510.32210467137
12.160130500793457,-1016.0,28.0,16336.0,-483.0,-302.0,-209.0,16367.587971353629
12.18508005142212,-1020.0,4.0,16444.0,-607.0,-64.0,-244.0,16475.60475369569
12.210344314575195,-1020.0,68.0,16092.0,-654.0,22.0,-249.0,16124.437602595634
12.235487937927246,-1116.0,172.0,16388.0,-625.0,-26.0,-240.0,16426.85557250687
12.26035761833191,-988.0,20.0,16440.0,-627.0,-47.0,-227.0,16469.673463672556
12.285356521606445,-972.0,52.0,16392.0,-605.0,-47.0,-259.0,16420.875494321244
12.31006407737732,-1076.0,20.0,16512.0,-666.0,-42.0,-252.0,16547.033571006014
12.33508849143982,-928.0,32.0,16444.0,-666.0,1.0,-233.0,16470.19562725349
12.359856605529785,-1048.0,20.0,16412.0,-707.0,57.0,-247.0,16445.438516500555
12.3843674659729,-1132.0,116.0,16384.0,-657.0,-4.0,-233.0,16423.46906107233
12.4098482131958,-1164.0,-20.0,16540.0,-613.0,-105.0,-248.0,16580.91963673909
12.434317111968994,-1132.0,52.0,16348.0,-510.0,-245.0,-224.0,16387.227709408326
12.45885181427002,-900.0,24.0,16416.0,-500.0,-269.0,-234.0,16440.670059337604
12.483565330505371,-992.0,-96.0,16484.0,-513.0,-267.0,-197.0,16514.101126007434
12.508947372436523,-1004.0,-32.0,16372.0,-539.0,-212.0,-209.0,16402.7870802495
12.533415079116821,-948.0,-44.0,16368.0,-617.0,-84.0,-269.0,16395.489135734864
12.55791711807251,-1060.0,172.0,16160.0,-672.0,-1.0,-220.0,16195.640895006285
12.582957029342651,-988.0,96.0,16472.0,-736.0,154.0,-268.0,16501.883044065
12.607447147369385,-1156.0,-28.0,16532.0,-671.0,41.0,-233.0,16572.39101638626
12.632948160171509,-1004.0,0.0,16340.0,-619.0,-111.0,-235.0,16370.815984550067
12.657626867294312,-1092.0,16.0,16364.0,-618.0,-70.0,-251.0,16400.402921879693
12.682605981826782,-964.0,-44.0,16572.0,-674.0,12.0,-239.0,16600.07277092483
12.707452058792114,-1028.0,-76.0,16328.0,-776.0,194.0,-290.0,16360.505615658705
12.732620477676392,-1140.0,-80.0,16264.0,-820.0,348.0,-276.0,16304.100588502268
12.757497787475586,-1180.0,-60.0,16404.0,-706.0,45.0,-287.0,16446.49555376464
12.782986402511597,-1148.0,72.0,16340.0,-624.0,-113.0,-247.0,16380.43613582984
12.808522701263428,-1208.0,-68.0,16440.0,-553.0,-234.0,-220.0,16484.462017305872
12.834805011749268,-1076.0,-48.0,16452.0,-450.0,-371.0,-207.0,16487.218807306464
12.861750602722168,-1060.0,24.0,16548.0,-427.0,-392.0,-191.0,16581.93233613019
12.887974262237549,-988.0,-32.0,16384.0,-479.0,-343.0,-192.0,16413.793711387993
12.913970232009888,-1008.0,0.0,16412.0,-539.0,-205.0,-232.0,16442.92577371801
12.941467046737671,-1100.0,-32.0,16496.0,-606.0,-65.0,-258.0,16532.66584674111
12.96755051612854,-972.0,-8.0,16252.0,-607.0,-71.0,-249.0,16281.042718450191
12.9931058883667,-1068.0,176.0,16336.0,-599.0,-95.0,-238.0,16371.820179808963
13.018989086151123,-924.0,24.0,16428.0,-635.0,-84.0,-240.0,16453.98237509692
13.044231414794922,-972.0,104.0,16248.0,-669.0,22.0,-239.0,16277.38013317868
13.06986403465271,-1000.0,116.0,16264.0,-733.0,121.0,-258.0,16295.126633444737
13.095205783843994,-1052.0,-24.0,16428.0,-742.0,153.0,-279.0,16461.666501299314
13.120960474014282,-1016.0,-40.0,16408.0,-646.0,31.0,-244.0,16439.474444154228
13.146891355514526,-1032.0,0.0,16452.0,-548.0,-183.0,-221.0,16484.33583739424
13.172019481658936,-996.0,16.0,16296.0,-519.0,-212.0,-227.0,16326.416875726283
13.197874784469604,-1112.0,56.0,16512.0,-557.0,-197.0,-209.0,16549.49618568493
13.223730325698853,-1060.0,-80.0,16284.0,-564.0,-138.0,-209.0,16318.659748888693
13.249864101409912,-1084.0,-16.0,16412.0,-546.0,-146.0,-209.0,16447.767508084493
13.274450778961182,-896.0,4.0,16360.0,-633.0,-75.0,-215.0,16384.51805821581
13.29981255531311,-944.0,120.0,16360.0,-699.0,19.0,-264.0,16387.651936747985
13.32536768913269,-944.0,0.0,16456.0,-711.0,64.0,-244.0,16483.054085939293
13.350895166397095,-1028.0,44.0,16488.0,-616.0,-68.0,-239.0,16520.074576102856
13.375363826751709,-1060.0,60.0,16488.0,-544.0,-200.0,-226.0,16522.147075970483
13.400226593017578,-996.0,36.0,16488.0,-540.0,-185.0,-229.0,16518.094805394478
13.424849271774292,-956.0,56.0,16236.0,-605.0,-99.0,-237.0,16264.217411237469
13.449869155883789,-988.0,-32.0,16424.0,-734.0,102.0,-276.0,16453.721281217815
13.474427700042725,-1024.0,12.0,16448.0,-709.0,112.0,-237.0,16479.849028434695
13.498912811279297,-1120.0,72.0,16312.0,-590.0,-129.0,-229.0,16350.563537688846
13.524025201797485,-1024.0,144.0,16520.0,-532.0,-199.0,-223.0,16552.33252445105
13.54879879951477,-976.0,72.0,16512.0,-569.0,-173.0,-214.0,16540.976512890647
13.5736985206604,-996.0,68.0,16436.0,-524.0,-211.0,-226.0,16466.290899896067
13.598939418792725,-844.0,24.0,16344.0,-551.0,-215.0,-190.0,16365.795061652214
13.624329805374146,-980.0,-44.0,16276.0,-593.0,-163.0,-249.0,16305.536237732264
13.64916443824768,-988.0,76.0,16368.0,-598.0,-109.0,-269.0,16397.967678953388
13.673827409744263,-1052.0,68.0,16336.0,-726.0,113.0,-275.0,16369.979352461016
13.698522329330444,-1000.0,24.0,16316.0,-659.0,38.0,-226.0,16346.633659564284
13.723237752914429,-1140.0,72.0,16376.0,-735.0,117.0,-266.0,16415.789959669928
13.748679399490356,-1048.0,-84.0,16120.0,-743.0,121.0,-267.0,16154.248976662455
13.773577213287354,-1012.0,-24.0,16360.0,-690.0,23.0,-229.0,16391.28792987299
13.798691034317017,-1088.0,-32.0,16164.0,-817.0,223.0,-247.0,16200.606902212028
13.824638843536377,-988.0,56.0,16288.0,-990.0,625.0,-288.0,16318.033705076112
13.849966764450073,-1216.0,108.0,16544.0,-850.0,377.0,-307.0,16588.979956585637
13.876138925552368,-948.0,572.0,16376.0,-828.0,501.0,-466.0,16413.38673156762
13.903759479522705,-880.0,1084.0,16444.0,-644.0,250.0,-846.0,16503.169150196576
13.931028604507446,-1060.0,704.0,16480.0,-621.0,387.0,-1382.0,16529.05369342117
13.95617961883545,-1968.0,-2444.0,16908.0,-857.0,895.0,-830.0,17196.70387021885
13.979142427444458,-896.0,72.0,16396.0,-405.0,-642.0,-234.0,16420.621669108634
14.001814365386963,-1436.0,-172.0,16600.0,-605.0,-164.0,-237.0,16662.883303918323
14.027223348617554,-1260.0,-36.0,16468.0,-556.0,-197.0,-237.0,16516.17146919951
14.049821615219116,-1116.0,-52.0,16216.0,-654.0,12.0,-251.0,16254.439885766596
14.073080778121948,-1212.0,-52.0,16560.0,-633.0,-12.0,-246.0,16604.374363401952
14.096953392028809,-1092.0,4.0,16484.0,-609.0,-91.0,-225.0,16520.13123434557
14.121190071105957,-1136.0,-184.0,16348.0,-635.0,-48.0,-248.0,16388.45496073379
14.145211219787598,-1060.0,-8.0,16336.0,-587.0,-117.0,-235.0,16370.35613540524
14.167837142944336,-1220.0,-164.0,16384.0,-642.0,37.0,-246.0,16430.178087896675
14.191465854644775,-1168.0,32.0,16240.0,-626.0,-63.0,-246.0,16281.979240866265
14.21497392654419,-1220.0,-112.0,16428.0,-607.0,-81.0,-255.0,16473.619153058018
14.238749265670776,-1196.0,-140.0,16376.0,-597.0,-48.0,-221.0,16420.2129097037
14.260788440704346,-1152.0,-76.0,16384.0,-609.0,-117.0,-247.0,16424.625901371393
14.282827377319336,-1236.0,-140.0,16472.0,-559.0,-249.0,-200.0,16518.900689815895
14.30553388595581,-1300.0,-100.0,16492.0,-604.0,-32.0,-235.0,16543.45985578591
14.328152656555176,-1124.0,0.0,16368.0,-612.0,-79.0,-219.0,16406.547473493625
14.351063966751099,-1148.0,4.0,16284.0,-607.0,-88.0,-233.0,16324.416559252584
14.373475551605225,-1176.0,24.0,16400.0,-599.0,-82.0,-242.0,16442.12735627601
14.397833824157715,-1064.0,-36.0,16320.0,-614.0,-79.0,-234.0,16354.687156897866
14.420301914215088,-1092.0,-56.0,16352.0,-649.0,-42.0,-220.0,16388.517443624973
14.442273139953613,-1204.0,-112.0,16312.0,-586.0,-78.0,-231.0,16356.757135813932
14.465171098709106,-1068.0,-176.0,16320.0,-636.0,-68.0,-236.0,16355.855220684733
14.487420797348022,-1068.0,28.0,16264.0,-620.0,-29.0,-216.0,16299.052242385138
14.50943660736084,-1092.0,-24.0,16332.0,-656.0,25.0,-222.0,16368.483863815854
14.531440496444702,-1164.0,-52.0,16416.0,-613.0,-77.0,-239.0,16457.297955618353
14.553792715072632,-1072.0,-64.0,16312.0,-619.0,-45.0,-231.0,16347.312439664203
14.576094150543213,-1200.0,-48.0,16416.0,-643.0,-53.0,-227.0,16459.871202412247
14.598042726516724,-1204.0,48.0,16492.0,-617.0,-51.0,-230.0,16535.96032893161
14.620198011398315,-1144.0,24.0,16392.0,-604.0,-63.0,-206.0,16431.88899670394
14.642436981201172,-1080.0,68.0,16464.0,-620.0,-73.0,-239.0,16499.524841643168
14.664547681808472,-1148.0,0.0,16292.0,-608.0,-74.0,-215.0,16332.396272439633
14.689904689788818,-1192.0,-124.0,16304.0,-626.0,-57.0,-236.0,16347.986298012363
14.713564157485962,-1148.0,12.0,16364.0,-614.0,-75.0,-231.0,16404.223358635423
14.736532926559448,-1216.0,-116.0,16292.0,-626.0,-77.0,-240.0,16337.72860589868
14.758905410766602,-1120.0,-156.0,16404.0,-606.0,-64.0,-236.0,16442.930152500194
14.78161096572876,-1184.0,-36.0,16364.0,-613.0,-61.0,-234.0,16406.817119721913
14.804134130477905,-1172.0,-104.0,16368.0,-613.0,-76.0,-247.0,16410.23534261468
14.82791519165039,-1304.0,132.0,16424.0,-610.0,-74.0,-233.0,16476.213642703227
14.851308107376099,-1264.0,32.0,16304.0,-624.0,-52.0,-233.0,16352.954962330203
14.874521732330322,-1096.0,-48.0,16424.0,-612.0,-40.0,-242.0,16460.598288033154
14.897029399871826,-1168.0,16.0,16364.0,-621.0,-65.0,-235.0,16405.638542891284
14.919581890106201,-1228.0,-92.0,16396.0,-597.0,-72.0,-251.0,16442.179417583302
14.94297742843628,-1176.0,-36.0,16400.0,-603.0,-131.0,-216.0,16442.149251238417
14.965739965438843,-1288.0,-192.0,16504.0,-607.0,-125.0,-202.0,16555.295950239004
14.988926410675049,-1116.0,32.0,16492.0,-601.0,-118.0,-228.0,16529.747245496525
15.011910200119019,-1256.0,-16.0,16252.0,-602.0,-102.0,-254.0,16300.469195701085
15.034428596496582,-1268.0,20.0,16260.0,-585.0,-45.0,-248.0,16309.378406303535
15.05796217918396,-1156.0,20.0,16460.0,-619.0,-77.0,-239.0,16500.55562700844
15.081263780593872,-1120.0,-60.0,16404.0,-607.0,-45.0,-236.0,16442.299595859455
15.104221105575562,-1168.0,24.0,16428.0,-588.0,-53.0,-224.0,16469.486452224308
15.12696123123169,-1156.0,-16.0,16328.0,-621.0,-49.0,-239.0,16368.878275556941
15.150283098220825,-1132.0,-160.0,16344.0,-637.0,-38.0,-216.0,16383.936035031387
15.173286199569702,-1228.0,52.0,16384.0,-645.0,-32.0,-249.0,16430.037857533986
15.197589874267578,-1132.0,-48.0,16380.0,-637.0,-9.0,-255.0,16419.13907609044
15.219623327255249,-1148.0,-36.0,16456.0,-660.0,4.0,-244.0,16496.033947588734
15.241833448410034,-1112.0,-64.0,16356.0,-614.0,-38.0,-210.0,16393.882273579984
15.264232158660889,-1140.0,-32.0,16328.0,-576.0,-112.0,-210.0,16367.779568408172
15.286813735961914,-1184.0,32.0,16464.0,-572.0,-125.0,-220.0,16506.54948800627
15.3088538646698,-1096.0,8.0,16412.0,-601.0,-60.0,-238.0,16448.55689718706
15.331292390823364,-1096.0,-84.0,16340.0,-617.0,-89.0,-244.0,16376.931092240695
15.353765487670898,-1084.0,36.0,16256.0,-625.0,-43.0,-244.0,16292.141909521903
15.375765562057495,-1192.0,-52.0,16464.0,-602.0,9.0,-230.0,16507.176136456532
15.398241519927979,-1252.0,-28.0,16376.0,-672.0,21.0,-248.0,16423.813929778917
15.420804262161255,-1388.0,-160.0,16416.0,-610.0,-69.0,-239.0,16475.351286087953
15.443073511123657,-1204.0,20.0,16548.0,-604.0,-115.0,-224.0,16591.75457870565
15.46488881111145,-1084.0,-32.0,16408.0,-628.0,-51.0,-235.0,16443.79956092873
15.487605571746826,-1120.0,-48.0,16384.0,-600.0,-51.0,-226.0,16422.3067807175
15.509675741195679,-1208.0,-96.0,16452.0,-633.0,-75.0,-203.0,16496.568855371108
15.531878232955933,-1112.0,-160.0,16424.0,-571.0,-131.0,-233.0,16462.378928939765
15.554201126098633,-1208.0,-96.0,16252.0,-599.0,-177.0,-208.0,16297.115818450822
15.576863288879395,-1116.0,0.0,16248.0,-587.0,-170.0,-232.0,16286.28134351117
15.599738836288452,-1240.0,-48.0,16384.0,-600.0,-131.0,-220.0,16430.926936725147
15.622435808181763,-1164.0,-100.0,16512.0,-624.0,-63.0,-253.0,16553.27882928334
15.644881010055542,-1220.0,-112.0,16364.0,-640.0,-33.0,-241.0,16409.797073699603
15.668304681777954,-1184.0,-36.0,16332.0,-663.0,25.0,-245.0,16374.900793592613
15.690217018127441,-1312.0,-64.0,16428.0,-612.0,-108.0,-213.0,16480.431547747772
15.712929725646973,-1280.0,-24.0,16304.0,-633.0,-29.0,-248.0,16354.185763895432
15.735859632492065,-1124.0,-104.0,16424.0,-616.0,-71.0,-239.0,16462.744850115367
15.75821852684021,-1168.0,-64.0,16376.0,-578.0,-200.0,-216.0,16417.72505556114
15.781594514846802,-1068.0,-36.0,16232.0,-560.0,-144.0,-219.0,16267.136933093052
15.803914070129395,-1068.0,12.0,16364.0,-608.0,-71.0,-248.0,16398.818981865737
15.827460765838623,-1132.0,-88.0,16324.0,-622.0,-53.0,-242.0,16363.439247297616
15.851351499557495,-1160.0,-40.0,16340.0,-611.0,-60.0,-250.0,16381.172119234936
15.874325037002563,-1056.0,-8.0,16300.0,-645.0,-16.0,-228.0,16334.172767544735
15.896949291229248,-1204.0,-132.0,16348.0,-631.0,-27.0,-241.0,16392.80769117969
15.919703006744385,-1088.0,-152.0,16392.0,-646.0,-29.0,-245.0,16428.77086090131
15.945984125137329,-1156.0,-88.0,16388.0,-620.0,-56.0,-254.0,16428.956874981443
15.968510150909424,-1040.0,-16.0,16368.0,-622.0,-79.0,-241.0,16401.014602761625
15.99159026145935,-1288.0,-12.0,16480.0,-656.0,-8.0,-230.0,16530.25976807382
16.015117168426514,-1120.0,-56.0,16440.0,-614.0,-139.0,-233.0,16478.20184364787
16.03766417503357,-1144.0,4.0,16344.0,-593.0,-165.0,-233.0,16383.988769527401
16.061323881149292,-1180.0,-120.0,16360.0,-570.0,-143.0,-229.0,16402.938761087906
16.08399510383606,-1312.0,-32.0,16468.0,-610.0,-136.0,-224.0,16520.2116209206
16.10618782043457,-1196.0,-76.0,16228.0,-616.0,-67.0,-244.0,16272.190264374369
16.12971544265747,-1216.0,-20.0,16424.0,-651.0,5.0,-233.0,16468.96572344481
16.15179753303528,-1196.0,-92.0,16432.0,-626.0,-7.0,-235.0,16475.724688158636
16.17513155937195,-1112.0,-104.0,16500.0,-628.0,-58.0,-225.0,16537.755591373334
16.197585105895996,-1120.0,-72.0,16316.0,-641.0,-38.0,-230.0,16354.554105814075
16.219897508621216,-1208.0,-164.0,16448.0,-617.0,-87.0,-234.0,16493.11565472091
16.242212533950806,-1092.0,-24.0,16424.0,-606.0,-144.0,-227.0,16460.27994901666
16.265568733215332,-1160.0,-56.0,16604.0,-600.0,-175.0,-228.0,16644.56523914037
16.288628339767456,-1216.0,8.0,16488.0,-635.0,-52.0,-220.0,16532.781496166943
16.311378002166748,-1196.0,-36.0,16520.0,-608.0,-61.0,-237.0,16563.2760044624
16.334709882736206,-1084.0,-64.0,16428.0,-610.0,-48.0,-235.0,16463.849367629675
16.357959270477295,-1124.0,-8.0,16504.0,-688.0,83.0,-261.0,16542.232497459343
16.380592107772827,-1348.0,-72.0,16536.0,-618.0,-91.0,-250.0,16591.009131454302
16.404170036315918,-1212.0,-88.0,16492.0,-612.0,-101.0,-238.0,16536.709225235834
16.427122354507446,-1128.0,48.0,16316.0,-624.0,-64.0,-225.0,16355.015866699732
16.449955940246582,-1236.0,-20.0,16348.0,-609.0,-82.0,-216.0,16394.669865538617
16.47262215614319,-1180.0,-12.0,16432.0,-603.0,-67.0,-234.0,16474.31843810238
16.496164083480835,-1156.0,-88.0,16312.0,-630.0,-77.0,-236.0,16353.147220030767
16.519594430923462,-1152.0,-88.0,16276.0,-606.0,-127.0,-212.0,16316.95510810764
16.54254937171936,-1200.0,52.0,16392.0,-599.0,-104.0,-232.0,16435.947432381257
16.565544366836548,-1164.0,-36.0,16244.0,-626.0,-11.0,-240.0,16285.690897226314
16.588352918624878,-1144.0,-40.0,16420.0,-638.0,-37.0,-228.0,16459.852247210485
16.61146068572998,-1188.0,-16.0,16496.0,-609.0,-79.0,-228.0,16538.73078564374
16.63504385948181,-1200.0,-36.0,16464.0,-599.0,-127.0,-230.0,16507.713106302763
16.65826392173767,-1236.0,-40.0,16252.0,-583.0,-159.0,-227.0,16298.981563275664
16.681612730026245,-1096.0,8.0,16312.0,-574.0,-151.0,-233.0,16348.780504979568
16.70447564125061,-1256.0,-40.0,16476.0,-636.0,-38.0,-239.0,16523.852819484928
16.7282133102417,-1160.0,-104.0,16412.0,-604.0,-62.0,-222.0,16453.2720150127
16.751394748687744,-1212.0,-36.0,16340.0,-618.0,-94.0,-206.0,16384.92721985667
16.774223566055298,-1212.0,36.0,16300.0,-625.0,-62.0,-239.0,16345.0371672872
16.798619985580444,-996.0,-28.0,16252.0,-629.0,-50.0,-222.0,16282.51528480781
16.822251558303833,-1176.0,-40.0,16376.0,-631.0,-50.0,-233.0,16418.22012277823
16.8459153175354,-1052.0,120.0,16296.0,-653.0,-50.0,-236.0,16330.3619065837
16.868011713027954,-1156.0,12.0,16340.0,-635.0,-11.0,-244.0,16380.844911053886
16.890876054763794,-1240.0,-128.0,16344.0,-600.0,-119.0,-221.0,16391.470952907184
16.912941694259644,-1084.0,24.0,16400.0,-616.0,-116.0,-232.0,16435.803357305052
16.93521237373352,-1080.0,-128.0,16388.0,-599.0,-97.0,-216.0,16424.047247861898
16.957953929901123,-1140.0,-28.0,16344.0,-606.0,-88.0,-220.0,16383.733396268386
16.97989058494568,-1176.0,-128.0,16228.0,-617.0,-36.0,-208.0,16271.058478169145
17.001906394958496,-1168.0,-52.0,16564.0,-626.0,-67.0,-231.0,16605.21074843677
17.02349090576172,-1168.0,12.0,16428.0,-607.0,-101.0,-233.0,16469.473337056046
17.045749187469482,-1092.0,-80.0,16396.0,-589.0,-124.0,-244.0,16432.518979146196
17.067991971969604,-1140.0,-144.0,16392.0,-616.0,-108.0,-239.0,16432.224438584082
17.089980840682983,-1132.0,-80.0,16240.0,-646.0,-58.0,-250.0,16279.601469323505
17.111700296401978,-1172.0,-92.0,16436.0,-621.0,-74.0,-241.0,16477.98968321075
17.133461952209473,-1148.0,-52.0,16236.0,-614.0,-40.0,-238.0,16276.61832199797
17.155980587005615,-1164.0,-20.0,16304.0,-625.0,-55.0,-245.0,16345.510453944227
17.17823100090027,-1192.0,-96.0,16300.0,-629.0,-58.0,-245.0,16343.808613661628
17.199851512908936,-1292.0,-72.0,16388.0,-663.0,-22.0,-233.0,16439.008242591764
17.22115182876587,-1192.0,-104.0,16396.0,-647.0,-22.0,-233.0,16439.601455023174
17.24310326576233,-1132.0,-84.0,16264.0,-630.0,-52.0,-212.0,16303.563291501647
17.26522421836853,-1108.0,-72.0,16208.0,-607.0,-86.0,-212.0,16245.987566165377
17.287901878356934,-1064.0,32.0,16508.0,-614.0,-102.0,-232.0,16542.284727328326
17.310027599334717,-1132.0,-40.0,16412.0,-621.0,-122.0,-219.0,16451.04154757382
17.332154989242554,-1144.0,-24.0,16376.0,-622.0,-70.0,-221.0,16415.92787508522
17.354753017425537,-1192.0,-40.0,16516.0,-613.0,-133.0,-246.0,16559.00721661779
17.37638020515442,-1152.0,-136.0,16428.0,-617.0,-52.0,-215.0,16468.903545773774
17.397794485092163,-1204.0,-76.0,16452.0,-617.0,-64.0,-230.0,16496.1721620502
17.41950750350952,-1068.0,-20.0,16364.0,-607.0,-92.0,-239.0,16398.826787304024
17.441187620162964,-1256.0,-48.0,16432.0,-608.0,-84.0,-223.0,16480.001941747458
17.46859335899353,-1128.0,-24.0,16500.0,-574.0,-122.0,-221.0,16538.52955978856
17.490548849105835,-1216.0,-124.0,16340.0,-590.0,-158.0,-226.0,16385.653236902093
17.512181043624878,-1172.0,44.0,16272.0,-604.0,-117.0,-241.0,16314.211718621284
17.534321308135986,-1148.0,-16.0,16480.0,-613.0,-91.0,-238.0,16519.944309833492
17.55628538131714,-1120.0,-40.0,16348.0,-610.0,-70.0,-266.0,16386.36945757052
17.578189611434937,-1168.0,20.0,16284.0,-614.0,-76.0,-225.0,16325.846991810256
17.59954261779785,-1116.0,-12.0,16300.0,-638.0,-44.0,-225.0,16338.16391152935
17.621300220489502,-1144.0,-100.0,16404.0,-653.0,6.0,-238.0,16444.14643573816
17.643310546875,-1200.0,-40.0,16300.0,-636.0,-29.0,-245.0,16344.161036896327
17.66442322731018,-1292.0,-128.0,16420.0,-636.0,20.0,-234.0,16471.24913295892
17.68593692779541,-1256.0,-28.0,16264.0,-605.0,-78.0,-244.0,16312.449724060454
17.707710027694702,-1160.0,16.0,16456.0,-610.0,-109.0,-233.0,16496.841879584103
17.72897481918335,-1192.0,-112.0,16352.0,-607.0,-137.0,-237.0,16395.771162101526
17.7504985332489,-1168.0,24.0,16408.0,-589.0,-137.0,-226.0,16449.53689317727
17.773303031921387,-1128.0,-12.0,16336.0,-640.0,-118.0,-233.0,16374.902259250282
17.795780658721924,-1112.0,-72.0,16400.0,-638.0,-50.0,-225.0,16437.813966583268
17.818594694137573,-1260.0,-52.0,16412.0,-617.0,-36.0,-223.0,16460.378124453884
17.840547800064087,-1232.0,-92.0,16508.0,-610.0,-61.0,-228.0,16554.16418910964
17.8627347946167,-1180.0,-52.0,16412.0,-639.0,-72.0,-234.0,16454.44766620867
17.884630918502808,-1140.0,0.0,16264.0,-645.0,-26.0,-226.0,16303.90431767802
17.906145334243774,-1176.0,-88.0,16316.0,-636.0,-41.0,-255.0,16358.562773055584
17.928836584091187,-1140.0,-120.0,16448.0,-604.0,-64.0,-233.0,16487.8956813779
17.95158290863037,-1120.0,-12.0,16320.0,-584.0,-97.0,-262.0,16358.39062988777
17.9742534160614,-1180.0,-64.0,16348.0,-596.0,-48.0,-255.0,16390.655874613436
17.995611429214478,-1152.0,-56.0,16364.0,-628.0,-10.0,-247.0,16404.594966045337
18.0175838470459,-1252.0,-192.0,16488.0,-634.0,89.0,-239.0,16536.58102510915
18.038710355758667,-1084.0,24.0,16320.0,-626.0,-63.0,-238.0,16355.978478831525
18.060006380081177,-1220.0,32.0,16296.0,-603.0,-63.0,-221.0,16341.63516910104
18.08155608177185,-1260.0,-20.0,16424.0,-638.0,-105.0,-247.0,16472.27294577163
18.103277683258057,-1196.0,-68.0,16504.0,-602.0,-115.0,-242.0,16547.418408924095
18.1245379447937,-1168.0,-12.0,16276.0,-592.0,-128.0,-243.0,16317.859663571078
18.14681053161621,-1192.0,-20.0,16420.0,-576.0,-115.0,-235.0,16463.22155594099
18.16837739944458,-1004.0,-108.0,16448.0,-602.0,-81.0,-236.0,16478.96792884797
18.189729690551758,-1264.0,-116.0,16416.0,-636.0,-26.0,-245.0,16464.999483753407
18.2107675075531,-1192.0,-104.0,16444.0,-621.0,-66.0,-234.0,16487.474518554987
18.232866287231445,-1208.0,-112.0,16384.0,-603.0,-107.0,-236.0,16428.854616192817
18.254606246948242,-1124.0,-48.0,16448.0,-612.0,-92.0,-228.0,16486.430298885203
18.275933265686035,-1108.0,-36.0,16608.0,-618.0,-79.0,-251.0,16644.957915236675
18.297770738601685,-1076.0,40.0,16388.0,-643.0,-33.0,-243.0,16423.334618767287
18.32012104988098,-1172.0,4.0,16376.0,-652.0,11.0,-241.0,16417.88585658945
18.342028379440308,-1148.0,-76.0,16384.0,-636.0,-14.0,-258.0,16424.345831721883
18.364399909973145,-1208.0,-120.0,16372.0,-623.0,-4.0,-218.0,16416.943929976736
18.385881185531616,-1256.0,12.0,16416.0,-601.0,-99.0,-232.0,16463.982993188496
18.407440185546875,-1140.0,16.0,16252.0,-616.0,-99.0,-232.0,16291.941566308173
18.428666591644287,-1260.0,12.0,16576.0,-650.0,3.0,-245.0,16623.823868171847
18.456929683685303,-1152.0,-36.0,16436.0,-656.0,-43.0,-242.0,16476.36173431501
18.478252410888672,-1116.0,-120.0,16416.0,-646.0,-58.0,-256.0,16454.328062853252
18.50369143486023,-1280.0,-72.0,16368.0,-570.0,-151.0,-210.0,16418.130466042716
18.529048204421997,-1028.0,-120.0,16348.0,-590.0,-136.0,-207.0,16380.729165699553
18.553936004638672,-1152.0,24.0,16416.0,-590.0,-102.0,-230.0,16456.38891130129
18.579565286636353,-1140.0,-28.0,16416.0,-592.0,-84.0,-237.0,16455.559546852244
18.60427212715149,-976.0,-124.0,16452.0,-634.0,-29.0,-257.0,16481.391203414838
18.62832546234131,-1108.0,-136.0,16256.0,-622.0,-67.0,-238.0,16294.284151198543
18.653249263763428,-1124.0,-100.0,16488.0,-622.0,-62.0,-232.0,16526.570122079174
18.67802143096924,-1328.0,-192.0,16556.0,-563.0,-218.0,-218.0,16610.285488214824
18.70210337638855,-1196.0,-20.0,16480.0,-605.0,-111.0,-245.0,16523.35365475181
18.72612190246582,-1148.0,24.0,16396.0,-591.0,-66.0,-200.0,16436.15818857923
18.750418424606323,-1112.0,-88.0,16276.0,-643.0,-15.0,-244.0,16314.179844540147
18.77438497543335,-1172.0,-28.0,16480.0,-668.0,57.0,-246.0,16521.645438635947
18.799647331237793,-1076.0,-24.0,16228.0,-638.0,94.0,-243.0,16263.650758670392
18.82391619682312,-1212.0,16.0,16360.0,-624.0,-43.0,-209.0,16404.84074899845
18.848631143569946,-1232.0,-36.0,16344.0,-609.0,-73.0,-253.0,16390.407438498896
18.873050212860107,-1124.0,-8.0,16356.0,-613.0,-65.0,-235.0,16394.577640183354
18.89795207977295,-1184.0,-72.0,16352.0,-605.0,-52.0,-230.0,16394.967032598754
18.92219042778015,-1124.0,24.0,16356.0,-620.0,-56.0,-235.0,16394.593255094802
18.947046995162964,-1184.0,-96.0,16304.0,-614.0,-40.0,-256.0,16347.216521475453
18.971697330474854,-1220.0,-112.0,16436.0,-619.0,-84.0,-245.0,16481.597009998757
18.996992826461792,-1200.0,-60.0,16492.0,-612.0,-74.0,-250.0,16535.708754087318
19.024062156677246,-1200.0,-140.0,16492.0,-602.0,-67.0,-238.0,16536.19254846774
19.04838228225708,-1212.0,-28.0,16300.0,-626.0,-52.0,-217.0,16345.021505033268
19.07531499862671,-1160.0,-60.0,16240.0,-619.0,-80.0,-204.0,16281.486418628981
19.101277589797974,-1208.0,-60.0,16368.0,-540.0,-228.0,-220.0,16412.625871566073
19.126990795135498,-1164.0,-116.0,16280.0,-559.0,-189.0,-224.0,16321.971449552288
19.15202522277832,-1264.0,-56.0,16412.0,-595.0,-146.0,-214.0,16460.697919590166
19.177308559417725,-1132.0,-28.0,16392.0,-609.0,-72.0,-227.0,16431.064238204413
19.202842235565186,-1204.0,-84.0,16396.0,-612.0,-43.0,-240.0,16440.361553201925
19.230372428894043,-1192.0,-40.0,16392.0,-645.0,-21.0,-219.0,16435.331697291662
19.25593614578247,-1104.0,-68.0,16432.0,-670.0,11.0,-262.0,16469.185286467575
19.281344413757324,-1144.0,-64.0,16384.0,-616.0,-61.0,-245.0,16424.015586938538
19.30687952041626,-1176.0,-36.0,16404.0,-643.0,-55.0,-245.0,16446.138999777424
19.334421634674072,-1248.0,-116.0,16608.0,-586.0,-151.0,-218.0,16655.228128128416
19.360766649246216,-1168.0,-52.0,16436.0,-588.0,-156.0,-240.0,16477.53088299336
19.386559009552002,-1256.0,-156.0,16400.0,-620.0,-82.0,-241.0,16448.76506002806
19.412400007247925,-1132.0,12.0,16408.0,-574.0,-117.0,-216.0,16447.00677935046
19.438531398773193,-1128.0,-12.0,16504.0,-579.0,-159.0,-239.0,16542.507186034407
19.465181350708008,-1068.0,-92.0,16348.0,-586.0,-90.0,-221.0,16383.106909252592
19.492939233779907,-1184.0,-128.0,16396.0,-589.0,-114.0,-247.0,16439.192680907418
19.519092082977295,-1128.0,-8.0,16508.0,-606.0,-105.0,-238.0,16546.495459764283
19.54510188102722,-1160.0,-4.0,16368.0,-614.0,-58.0,-237.0,16409.053598547358
19.5711190700531,-1108.0,-80.0,16568.0,-620.0,-83.0,-207.0,16605.200631127587
19.59725546836853,-1176.0,-60.0,16372.0,-607.0,-63.0,-212.0,16414.29133407836
19.62386417388916,-1164.0,-164.0,16468.0,-631.0,-71.0,-250.0,16509.90054482461
19.650425910949707,-1164.0,0.0,16276.0,-602.0,-58.0,-237.0,16317.56942684786
19.675400257110596,-1204.0,-88.0,16312.0,-589.0,-87.0,-242.0,16356.61040680495
19.702372789382935,-1224.0,24.0,16284.0,-634.0,-36.0,-228.0,16329.954317143694
19.727059364318848,-1204.0,4.0,16404.0,-628.0,-43.0,-222.0,16448.125972280246
19.75163507461548,-1148.0,-96.0,16320.0,-617.0,-26.0,-238.0,16360.608790628788
19.777036666870117,-1116.0,-88.0,16348.0,-641.0,-5.0,-239.0,16386.284020484938
19.802907466888428,-1164.0,-40.0,16500.0,-611.0,-83.0,-237.0,16541.054863581103
19.82877469062805,-1236.0,-100.0,16448.0,-567.0,-112.0,-243.0,16494.677929562615
19.855074882507324,-1132.0,-96.0,16276.0,-609.0,-151.0,-232.0,16315.600387359333
19.880860805511475,-1148.0,-120.0,16236.0,-615.0,-91.0,-238.0,16276.977606423128
19.90588617324829,-1156.0,-60.0,16552.0,-641.0,-29.0,-223.0,16592.427188329017
19.93120002746582,-1072.0,-48.0,16428.0,-619.0,-66.0,-232.0,16463.009202451416
19.95763874053955,-1088.0,-52.0,16460.0,-599.0,-70.0,-239.0,16496.000969932076
19.98567485809326,-1256.0,52.0,16304.0,-614.0,-82.0,-233.0,16352.389917073284
20.01118016242981,-1140.0,-48.0,16424.0,-655.0,-57.0,-226.0,16463.586486546606
20.03610110282898,-1096.0,-12.0,16328.0,-614.0,-97.0,-237.0,16364.746988572722
20.061200857162476,-1200.0,-20.0,16156.0,-597.0,-108.0,-234.0,16200.51653497505
20.083984851837158,-1124.0,-120.0,16400.0,-620.0,-64.0,-243.0,16438.910426180926
20.106574058532715,-1184.0,-80.0,16468.0,-634.0,-30.0,-237.0,16510.70198386489
20.128576278686523,-1168.0,52.0,16460.0,-623.0,-28.0,-243.0,16501.47047992996
20.15024995803833,-1188.0,-112.0,16264.0,-593.0,-105.0,-229.0,16307.715474584415
20.172200679779053,-1028.0,-24.0,16464.0,-588.0,-105.0,-210.0,16496.08001920456
20.194018840789795,-1324.0,-76.0,16364.0,-613.0,-131.0,-230.0,16417.650501822725
20.21626925468445,-1212.0,-24.0,16492.0,-607.0,-123.0,-240.0,16536.492493875478
20.23892116546631,-1152.0,-4.0,16224.0,-625.0,-41.0,-245.0,16264.848477621917
20.261200428009033,-1228.0,-16.0,16480.0,-641.0,-13.0,-240.0,16525.696354465672
20.28325319290161,-1140.0,-36.0,16348.0,-654.0,0.0,-238.0,16387.739319381424
20.3059561252594,-1156.0,-28.0,16404.0,-630.0,-32.0,-238.0,16444.70540934072
20.328670263290405,-1212.0,-64.0,16476.0,-626.0,-76.0,-235.0,16520.642118271313
20.350714683532715,-1144.0,-132.0,16380.0,-651.0,-78.0,-233.0,16420.43117582483
20.373045921325684,-1036.0,-48.0,16520.0,-635.0,-30.0,-224.0,16552.522466379556
20.396873235702515,-1168.0,-44.0,16284.0,-639.0,-41.0,-232.0,16325.894033712211
20.418993949890137,-1160.0,32.0,16492.0,-640.0,-90.0,-223.0,16532.77617340778
20.440725564956665,-1216.0,-140.0,16532.0,-575.0,-180.0,-211.0,16577.251883228415
20.463297367095947,-1120.0,-36.0,16336.0,-551.0,-232.0,-227.0,16374.388293918035
20.486411571502686,-968.0,112.0,16180.0,-616.0,-36.0,-238.0,16209.317320602988
20.50875210762024,-1132.0,-80.0,16280.0,-655.0,-36.0,-250.0,16319.504404239731
20.530634880065918,-1196.0,-40.0,16416.0,-656.0,55.0,-260.0,16459.558681811613
20.552470684051514,-1208.0,-32.0,16452.0,-649.0,-19.0,-249.0,16496.320559445976
20.574477195739746,-1176.0,-60.0,16376.0,-631.0,-92.0,-232.0,16418.281030607315
20.596986532211304,-1212.0,-48.0,16264.0,-628.0,-57.0,-232.0,16309.167483351197
20.618913173675537,-1232.0,-132.0,16540.0,-628.0,-93.0,-225.0,16586.345227324793
20.64194631576538,-1252.0,-100.0,16392.0,-611.0,-64.0,-230.0,16440.04768849531
20.66382122039795,-1184.0,-44.0,16316.0,-615.0,-44.0,-235.0,16358.962314278984
20.685590267181396,-1116.0,-128.0,16408.0,-615.0,-50.0,-240.0,16446.407024028074
20.707380056381226,-1184.0,24.0,16380.0,-618.0,-87.0,-218.0,16422.753484114655
20.730114698410034,-1156.0,-76.0,16424.0,-598.0,-114.0,-236.0,16464.80756036948
20.753468990325928,-1196.0,-108.0,16448.0,-603.0,-98.0,-233.0,16491.77928545007
20.776497840881348,-1148.0,-56.0,16264.0,-612.0,-106.0,-222.0,16304.561815639205
20.799735069274902,-1188.0,-76.0,16288.0,-627.0,-78.0,-237.0,16331.44402678465
20.82250952720642,-1148.0,-148.0,16464.0,-618.0,-74.0,-218.0,16504.638863059077
20.845797061920166,-1136.0,-8.0,16380.0,-639.0,-69.0,-218.0,16419.347124657546
20.868430614471436,-1068.0,-104.0,16428.0,-626.0,-71.0,-228.0,16463.007744637674
20.89091420173645,-1168.0,-152.0,16312.0,-621.0,-87.0,-246.0,16354.469480848347
20.913031578063965,-1128.0,-16.0,16200.0,-613.0,-71.0,-210.0,16239.23150891076
20.935114860534668,-1164.0,-124.0,16368.0,-624.0,-40.0,-234.0,16409.80487391608
20.957123279571533,-1136.0,8.0,16464.0,-679.0,38.0,-252.0,16503.14685143412
20.98250961303711,-1184.0,-148.0,16512.0,-629.0,-8.0,-256.0,16555.05675012925
21.00504732131958,-1080.0,-64.0,16360.0,-618.0,-113.0,-238.0,16395.734079326852
21.028383016586304,-1216.0,-24.0,16276.0,-572.0,-125.0,-235.0,16321.378863319116
21.05123543739319,-1192.0,-128.0,16416.0,-577.0,-156.0,-243.0,16459.71761604676
21.073649406433105,-1264.0,-136.0,16408.0,-580.0,-169.0,-228.0,16457.176428537186
21.09631085395813,-1140.0,-48.0,16348.0,-607.0,-51.0,-215.0,16387.770074052176
21.118378162384033,-1192.0,-164.0,16388.0,-659.0,10.0,-267.0,16432.11197624943
21.140158653259277,-1112.0,-104.0,16320.0,-682.0,81.0,-251.0,16358.171046911082
21.1622314453125,-1244.0,-80.0,16420.0,-609.0,-77.0,-253.0,16467.250408006796
21.184680700302124,-1116.0,8.0,16328.0,-595.0,-125.0,-249.0,16366.09617471436
21.207417964935303,-1108.0,-68.0,16328.0,-605.0,-89.0,-252.0,16365.691919378172
21.229779958724976,-1144.0,-68.0,16456.0,-623.0,-67.0,-253.0,16495.856934394164
21.252363204956055,-1168.0,-128.0,16256.0,-630.0,-74.0,-234.0,16298.409247530877
21.27458119392395,-1256.0,-88.0,16264.0,-613.0,-105.0,-226.0,16312.663056656324
21.297597408294678,-1160.0,28.0,16368.0,-569.0,-119.0,-241.0,16409.077000245932
21.320513010025024,-1116.0,0.0,16412.0,-598.0,-143.0,-232.0,16449.899695742828
21.342774868011475,-1144.0,-32.0,16308.0,-611.0,-97.0,-243.0,16348.10765807468
21.364624500274658,-1200.0,-28.0,16336.0,-616.0,-119.0,-219.0,16380.039071992473
21.3872332572937,-884.0,0.0,16200.0,-638.0,76.0,-233.0,16224.101084497717
21.409708976745605,-1176.0,12.0,16424.0,-595.0,-88.0,-246.0,16466.05283606244
21.43157434463501,-1156.0,-52.0,16428.0,-609.0,-98.0,-228.0,16468.70438134099
21.454575300216675,-1132.0,-32.0,16392.0,-615.0,-43.0,-221.0,16431.071541442452
21.476637840270996,-996.0,-80.0,16360.0,-632.0,-33.0,-234.0,16390.48553277175
21.4987735748291,-1112.0,-48.0,16388.0,-652.0,2.0,-241.0,16425.753924858367
21.52073860168457,-1116.0,-120.0,16408.0,-590.0,-86.0,-242.0,16446.346706791755
21.542522430419922,-1128.0,-172.0,16284.0,-602.0,-107.0,-223.0,16323.927958674652
21.56532382965088,-1128.0,-64.0,16444.0,-618.0,-83.0,-219.0,16482.767243396964
21.587794303894043,-1060.0,-80.0,16360.0,-627.0,-13.0,-237.0,16394.49907743448
21.610109329223633,-1196.0,-64.0,16380.0,-654.0,40.0,-235.0,16423.73014878167
21.632500171661377,-1180.0,-156.0,16328.0,-555.0,-194.0,-236.0,16371.326152758671
21.654775381088257,-1160.0,-60.0,16408.0,-651.0,-12.0,-244.0,16449.062708859736
21.677051782608032,-1220.0,8.0,16324.0,-632.0,-53.0,-232.0,16369.527787935729
21.698942184448242,-1100.0,-76.0,16376.0,-622.0,-79.0,-236.0,16413.07868743704
21.72148847579956,-1148.0,-64.0,16404.0,-623.0,-98.0,-252.0,16444.245680480453
21.7436420917511,-1052.0,20.0,16288.0,-601.0,-110.0,-221.0,16321.949883515756
21.7653329372406,-1236.0,-56.0,16376.0,-578.0,-180.0,-216.0,16422.673594759166
21.78787589073181,-1160.0,-4.0,16516.0,-591.0,-161.0,-243.0,16556.686625046692
21.810644149780273,-1168.0,-136.0,16348.0,-583.0,-112.0,-246.0,16390.235629788855
21.8347589969635,-1128.0,20.0,16320.0,-645.0,53.0,-246.0,16358.948132444213
21.85796093940735,-1224.0,-32.0,16372.0,-661.0,33.0,-235.0,16417.721644613175
21.882269382476807,-1012.0,44.0,16328.0,-627.0,-48.0,-255.0,16359.390697700204
21.905691385269165,-1084.0,20.0,16360.0,-595.0,-120.0,-232.0,16395.885337486354
21.928582906723022,-1144.0,-44.0,16456.0,-524.0,-292.0,-242.0,16495.775459189543
21.951746225357056,-1180.0,-36.0,16180.0,-583.0,-154.0,-245.0,16223.01131109758
21.975402355194092,-1184.0,-60.0,16380.0,-595.0,-88.0,-247.0,16422.845551243547
22.00003433227539,-1100.0,-28.0,16412.0,-620.0,-25.0,-237.0,16448.845795374215
22.024295806884766,-1316.0,-52.0,16412.0,-689.0,107.0,-248.0,16464.75945770238
22.047696113586426,-904.0,52.0,16060.0,-617.0,-81.0,-237.0,16085.506519845745
22.072640657424927,-1012.0,-8.0,16440.0,-601.0,-40.0,-240.0,16471.120423334898
22.096685647964478,-1144.0,-80.0,16352.0,-627.0,-70.0,-233.0,16392.163981610236
22.12000608444214,-1236.0,-128.0,16400.0,-536.0,-263.0,-228.0,16447.008238582483
22.143775939941406,-1020.0,12.0,16208.0,-749.0,267.0,-242.0,16240.067980153284
22.16768503189087,-1064.0,-60.0,16180.0,-653.0,38.0,-201.0,16215.057693391042
22.195068359375,-1092.0,0.0,16324.0,-600.0,-94.0,-230.0,16360.484100417078
22.223796844482422,-1220.0,4.0,16520.0,-681.0,89.0,-231.0,16564.98765468903
22.248805046081543,-1120.0,-76.0,16288.0,-591.0,-153.0,-232.0,16326.638355766934
22.273128747940063,-1152.0,-124.0,16428.0,-625.0,-58.0,-222.0,16468.808821526833
22.29732322692871,-1124.0,-44.0,16232.0,-690.0,111.0,-259.0,16270.929168305049
22.32101535797119,-1532.0,-176.0,16528.0,-530.0,-273.0,-213.0,16599.782649179477
22.344932317733765,-1328.0,-116.0,16460.0,-587.0,-176.0,-208.0,16513.892333426422
22.368935346603394,-1132.0,-100.0,16444.0,-626.0,-97.0,-233.0,16483.220559101912
22.39348578453064,-1168.0,-8.0,16416.0,-627.0,-120.0,-237.0,16457.501146893475
22.41816473007202,-1268.0,-104.0,16472.0,-558.0,-197.0,-220.0,16521.060014417963
22.44293451309204,-860.0,-28.0,16244.0,-559.0,-294.0,-213.0,16266.77349691696
22.466636896133423,-1088.0,0.0,16360.0,-570.0,-184.0,-218.0,16396.138081877696
22.491166353225708,-860.0,-28.0,16184.0,-757.0,243.0,-245.0,16206.857807730652
22.514612913131714,-1132.0,100.0,16504.0,-597.0,-175.0,-223.0,16543.07831088277
22.539103269577026,-1104.0,-40.0,16472.0,-625.0,-122.0,-219.0,16509.00360409434
22.564013481140137,-1084.0,-172.0,16312.0,-587.0,-73.0,-232.0,16348.883264614742
22.589813232421875,-1148.0,-24.0,16428.0,-538.0,-331.0,-207.0,16468.08015525793
22.613630533218384,-1108.0,-36.0,16444.0,-618.0,-66.0,-238.0,16481.32567483575
22.63679337501526,-1076.0,-28.0,16420.0,-620.0,-67.0,-223.0,16455.241110357514
22.659080266952515,-1148.0,28.0,16520.0,-623.0,-116.0,-223.0,16559.863767555576
22.681726455688477,-1156.0,-48.0,16428.0,-625.0,-67.0,-240.0,16468.692237090352
22.704617023468018,-1268.0,8.0,16460.0,-608.0,-79.0,-234.0,16508.770032924924
22.727117776870728,-1076.0,-140.0,16444.0,-615.0,-14.0,-229.0,16479.760677873935
22.749239683151245,-1320.0,-164.0,16444.0,-727.0,269.0,-245.0,16497.709901680293
22.77179479598999,-1096.0,36.0,16292.0,-676.0,97.0,-240.0,16328.86327948152
22.79625701904297,-1180.0,-48.0,16416.0,-620.0,-40.0,-254.0,16458.42519805586
22.82034969329834,-1240.0,-20.0,16444.0,-575.0,-135.0,-243.0,16490.698469137078
22.8437979221344,-1160.0,-36.0,16400.0,-553.0,-225.0,-232.0,16441.012620881964
22.867969274520874,-1084.0,-84.0,16196.0,-642.0,-17.0,-236.0,16232.45292615999
22.89258623123169,-1148.0,-116.0,16408.0,-621.0,-31.0,-222.0,16448.520419782442
22.916104793548584,-1200.0,-124.0,16572.0,-584.0,-120.0,-211.0,16615.852671470097
22.942811965942383,-1312.0,36.0,16388.0,-603.0,-60.0,-231.0,16440.473959104707
22.966527938842773,-1164.0,-100.0,16316.0,-585.0,-177.0,-214.0,16357.773442617427
22.989872455596924,-1088.0,-52.0,16252.0,-582.0,-44.0,-221.0,16288.46070075377
23.01212215423584,-1152.0,44.0,16336.0,-727.0,261.0,-275.0,16376.627735892393
23.035227298736572,-1016.0,-28.0,16384.0,-634.0,-107.0,-239.0,16415.495606286153
23.05781865119934,-1116.0,-76.0,16396.0,-603.0,-46.0,-208.0,16434.112327716397
23.080848693847656,-1052.0,-52.0,16324.0,-616.0,-71.0,-225.0,16357.945592280224
23.10332942008972,-1172.0,-44.0,16312.0,-636.0,-45.0,-245.0,16354.108474631077
23.12646794319153,-1128.0,36.0,16208.0,-652.0,9.0,-229.0,16247.244197093856
23.149914264678955,-1168.0,0.0,16360.0,-630.0,-52.0,-245.0,16401.64089352038
23.17269802093506,-1188.0,44.0,16468.0,-633.0,-67.0,-226.0,16510.854126906943
23.19551396369934,-1060.0,-64.0,16420.0,-626.0,-59.0,-243.0,16454.30326692686
23.21829652786255,-1112.0,-72.0,16336.0,-623.0,-47.0,-233.0,16373.961768612995
23.24175715446472,-1256.0,0.0,16504.0,-551.0,-238.0,-223.0,16551.723535632173
23.2652485370636,-852.0,-32.0,16140.0,-761.0,320.0,-252.0,16162.503766434209
23.28793692588806,-1012.0,28.0,16100.0,-612.0,-26.0,-235.0,16131.798659789923
23.311265468597412,-1052.0,12.0,16272.0,-659.0,50.0,-239.0,16305.975346479585
23.33446764945984,-1060.0,12.0,16344.0,-635.0,-78.0,-238.0,16378.341796409062
23.357571363449097,-1224.0,-16.0,16376.0,-542.0,-207.0,-228.0,16421.687124044227
23.38033890724182,-1128.0,-104.0,16348.0,-622.0,-60.0,-215.0,16387.199394649473
23.403395414352417,-1156.0,24.0,16444.0,-666.0,61.0,-246.0,16484.60032879172
23.426678895950317,-1480.0,-124.0,16440.0,-541.0,-242.0,-212.0,16506.9493244512
23.44948649406433,-1272.0,-32.0,16372.0,-596.0,-147.0,-230.0,16421.36997938966
23.472641944885254,-1284.0,-80.0,16380.0,-610.0,-104.0,-238.0,16430.442964205195
23.495462894439697,-1184.0,-68.0,16416.0,-615.0,-80.0,-217.0,16458.78294406971
23.519211053848267,-1160.0,-108.0,16328.0,-570.0,-162.0,-233.0,16369.509705547078
23.54163384437561,-1016.0,-12.0,16232.0,-541.0,-246.0,-222.0,16263.770288589298
23.564574718475342,-1212.0,-192.0,16324.0,-624.0,-21.0,-247.0,16370.057544187192
23.587661504745483,-1116.0,-28.0,16276.0,-632.0,-29.0,-214.0,16314.239669687337
23.610143423080444,-1196.0,-60.0,16356.0,-609.0,-71.0,-233.0,16399.779022901497
23.6329185962677,-1248.0,-68.0,16344.0,-630.0,-15.0,-241.0,16391.71937290289
23.655531883239746,-1120.0,-20.0,16424.0,-634.0,-40.0,-259.0,16462.155873396412
23.67796564102173,-1164.0,-48.0,16340.0,-664.0,-4.0,-217.0,16381.477344855073
23.700562715530396,-1216.0,-92.0,16328.0,-663.0,78.0,-245.0,16373.475623703112
23.722927808761597,-1280.0,-48.0,16536.0,-536.0,-245.0,-210.0,16585.53586713435
23.7453932762146,-1152.0,-44.0,16312.0,-601.0,-103.0,-239.0,16352.687363244
23.768553495407104,-1208.0,-84.0,16464.0,-616.0,-79.0,-217.0,16508.471037621868
23.792006015777588,-1124.0,-68.0,16280.0,-596.0,-116.0,-246.0,16318.897021551425
23.816179513931274,-1152.0,-40.0,16312.0,-625.0,-71.0,-242.0,16352.677089700022
23.839802980422974,-1120.0,-108.0,16388.0,-626.0,-91.0,-253.0,16426.58235909101
23.863673210144043,-1280.0,-32.0,16380.0,-627.0,-74.0,-226.0,16429.96725498867
23.88815927505493,-1204.0,-12.0,16404.0,-585.0,-164.0,-233.0,16448.129863300568
23.91206693649292,-1156.0,-92.0,16340.0,-515.0,-263.0,-224.0,16381.098864239846
23.935372591018677,-1204.0,-104.0,16456.0,-671.0,51.0,-247.0,16500.31417882702
23.958354711532593,-976.0,-60.0,16376.0,-615.0,-45.0,-232.0,16405.16845387453
23.981662034988403,-1112.0,52.0,16344.0,-634.0,-99.0,-234.0,16381.867537005663
24.005284786224365,-1100.0,-100.0,16280.0,-664.0,62.0,-248.0,16317.426267644048
24.031939268112183,-1108.0,-44.0,16264.0,-667.0,119.0,-233.0,16301.757451268866
24.05812668800354,-1132.0,-4.0,16340.0,-649.0,0.0,-221.0,16379.164813872532
24.081931591033936,-1156.0,-96.0,16332.0,-597.0,-93.0,-248.0,16373.141909847358
24.106703281402588,-1056.0,-180.0,16356.0,-571.0,-120.0,-200.0,16391.04243176742
24.13092303276062,-1160.0,-128.0,16388.0,-609.0,-137.0,-228.0,16429.501757509264
24.15585970878601,-1132.0,32.0,16372.0,-632.0,-53.0,-243.0,16411.119157449317
24.182185649871826,-1276.0,-20.0,16520.0,-648.0,44.0,-236.0,16569.21772444312
24.21256685256958,-1068.0,-68.0,16396.0,-510.0,-359.0,-243.0,16430.887498854103
24.238719940185547,-1096.0,-64.0,16340.0,-574.0,-139.0,-248.0,16376.840720969352
24.261849641799927,-1168.0,-120.0,16348.0,-539.0,-244.0,-217.0,16390.110676868535
24.285274982452393,-1000.0,-4.0,16328.0,-610.0,-91.0,-249.0,16358.594071618747
24.309233903884888,-1040.0,-60.0,16400.0,-610.0,-99.0,-244.0,16433.052059797046
24.332955837249756,-1092.0,44.0,16520.0,-598.0,-97.0,-250.0,16556.110654377735
24.356918334960938,-1220.0,-68.0,16404.0,-627.0,-56.0,-231.0,16449.444975439143
24.38003396987915,-1148.0,-88.0,16428.0,-666.0,34.0,-251.0,16468.297786960255
24.403451204299927,-1208.0,-272.0,16436.0,-692.0,120.0,-251.0,16482.576982984185
24.4267578125,-1376.0,-128.0,16560.0,-642.0,-36.0,-221.0,16617.561794679747
24.450820922851562,-1228.0,-92.0,16356.0,-621.0,-41.0,-229.0,16402.29203495658
24.474547863006592,-1316.0,-44.0,16496.0,-617.0,-62.0,-248.0,16548.468448771928
24.497894525527954,-1224.0,-68.0,16496.0,-612.0,-69.0,-235.0,16541.48772027474
24.52135467529297,-1140.0,-28.0,16228.0,-590.0,-57.0,-240.0,16268.016719932397
24.544188499450684,-1184.0,-108.0,16384.0,-602.0,-63.0,-245.0,16427.080568378544
24.56807827949524,-1164.0,-92.0,16384.0,-625.0,-54.0,-243.0,16425.55375017841
24.591654062271118,-1168.0,-12.0,16444.0,-596.0,-62.0,-242.0,16485.43308499962
24.615617513656616,-1260.0,-76.0,16536.0,-587.0,-222.0,-221.0,16584.109020384545
24.639857292175293,-1196.0,-8.0,16328.0,-546.0,-198.0,-230.0,16371.745905675423
24.66356873512268,-1004.0,140.0,16260.0,-677.0,87.0,-235.0,16291.568862451522
24.685964822769165,-1088.0,-100.0,16444.0,-612.0,-60.0,-262.0,16480.257279545123
24.708901405334473,-1192.0,-24.0,16308.0,-600.0,-119.0,-229.0,16351.522987171562
24.73343324661255,-1244.0,-80.0,16360.0,-593.0,-95.0,-233.0,16407.423198052766
24.75749373435974,-1108.0,-20.0,16500.0,-613.0,-39.0,-236.0,16537.17218873892
24.7816264629364,-1104.0,-72.0,16600.0,-640.0,14.0,-226.0,16636.826620482647
24.805826663970947,-1096.0,-12.0,16440.0,-631.0,-31.0,-225.0,16476.497200558133
24.829822778701782,-1192.0,-124.0,16432.0,-611.0,-98.0,-244.0,16475.64457009194
24.8547260761261,-1252.0,-124.0,16268.0,-615.0,-139.0,-229.0,16316.577582324058
24.879087209701538,-1088.0,-28.0,16352.0,-613.0,-36.0,-239.0,16388.179642657084
24.903011798858643,-1156.0,-136.0,16272.0,-664.0,50.0,-266.0,16313.577657889762
24.927209615707397,-1408.0,-132.0,16504.0,-619.0,-99.0,-248.0,16564.477172552113
24.950671195983887,-1308.0,-200.0,16580.0,-577.0,-180.0,-238.0,16632.71667527587
24.97378373146057,-1072.0,-136.0,16436.0,-559.0,-189.0,-218.0,16471.48372187521
24.9970121383667,-1116.0,16.0,16364.0,-552.0,-233.0,-211.0,16402.0184123784
25.020586490631104,-1244.0,-124.0,16376.0,-686.0,94.0,-241.0,16423.650264176962
25.044045209884644,-1100.0,-64.0,16216.0,-632.0,-27.0,-240.0,16253.392015207164
25.06753635406494,-1224.0,-8.0,16340.0,-607.0,-86.0,-259.0,16385.781641410947
25.09190607070923,-1180.0,-92.0,16432.0,-640.0,-79.0,-228.0,16474.570950407175
25.116307258605957,-1236.0,-156.0,16328.0,-648.0,-24.0,-233.0,16375.457734060443
25.139986753463745,-1132.0,-28.0,16300.0,-632.0,2.0,-237.0,16339.284194847705
25.163296461105347,-1164.0,-24.0,16500.0,-649.0,-25.0,-234.0,16541.023910266256
25.185997009277344,-1120.0,-48.0,16348.0,-648.0,14.0,-227.0,16386.390938824814
25.21012234687805,-1280.0,-68.0,16324.0,-593.0,-110.0,-239.0,16374.24807433917
25.2343807220459,-1240.0,-52.0,16360.0,-593.0,-116.0,-236.0,16407.007771071483
25.258169412612915,-1208.0,4.0,16376.0,-614.0,-74.0,-216.0,16420.494998629
25.28138780593872,-1072.0,-60.0,16356.0,-610.0,-60.0,-216.0,16391.20251842433
25.304306030273438,-1300.0,-136.0,16376.0,-607.0,-93.0,-239.0,16428.08181133756
25.329056978225708,-1112.0,-164.0,16316.0,-549.0,-252.0,-223.0,16354.671993042233
25.353248596191406,-1152.0,44.0,16384.0,-731.0,199.0,-250.0,16424.509003315747
25.377117156982422,-1104.0,-44.0,16260.0,-623.0,-66.0,-220.0,16297.495267678405
25.400590658187866,-1088.0,-132.0,16384.0,-610.0,-80.0,-246.0,16420.61582280031
25.424460649490356,-1176.0,-32.0,16372.0,-634.0,-83.0,-238.0,16414.21286568442
25.449220895767212,-1112.0,-40.0,16324.0,-608.0,-20.0,-243.0,16361.8800875694
25.472246885299683,-1200.0,4.0,16504.0,-717.0,129.0,-265.0,16547.568764020896
25.495065927505493,-1436.0,-120.0,16464.0,-517.0,-408.0,-218.0,16526.941398819083
25.51909065246582,-1116.0,-96.0,16312.0,-572.0,-125.0,-235.0,16350.413328108865
25.54301404953003,-1188.0,-72.0,16380.0,-619.0,-76.0,-236.0,16423.18263918416
25.56626057624817,-1084.0,-108.0,16556.0,-638.0,-66.0,-244.0,16591.800866693164
25.590051651000977,-1084.0,-16.0,16324.0,-632.0,-79.0,-246.0,16359.95990215135
25.6135995388031,-1204.0,8.0,16380.0,-625.0,-80.0,-246.0,16424.191913150553
25.637377977371216,-1104.0,40.0,16416.0,-645.0,-73.0,-240.0,16453.129550331756
25.660422801971436,-1280.0,-76.0,16336.0,-597.0,-134.0,-214.0,16386.246428026156
25.683621406555176,-1108.0,-48.0,16244.0,-564.0,-246.0,-190.0,16281.815132226506
25.708245754241943,-1184.0,-76.0,16496.0,-669.0,84.0,-232.0,16538.610824370953
25.73122811317444,-1148.0,-16.0,16316.0,-620.0,-113.0,-225.0,16356.344823951347
25.766610622406006,-1228.0,-20.0,16340.0,-596.0,-112.0,-231.0,16386.09117513997
25.794719219207764,-1132.0,48.0,16356.0,-626.0,-29.0,-235.0,16395.19636966877
25.82008123397827,-1168.0,-92.0,16496.0,-670.0,75.0,-238.0,16537.554353652176
25.84537410736084,-1328.0,-164.0,16592.0,-601.0,-88.0,-244.0,16645.86867664166
25.870352745056152,-1208.0,24.0,16444.0,-600.0,-164.0,-229.0,16488.328478047737
25.89492130279541,-1116.0,-32.0,16520.0,-588.0,-99.0,-233.0,16557.683412844926
25.918420791625977,-1144.0,0.0,16408.0,-633.0,-91.0,-223.0,16447.8326839739
25.94259786605835,-1128.0,-112.0,16408.0,-596.0,-61.0,-243.0,16447.108925279237
25.96684956550598,-1244.0,-84.0,16220.0,-610.0,-71.0,-259.0,16267.851486905085
25.990726947784424,-1236.0,-92.0,16508.0,-600.0,-59.0,-247.0,16554.46235913447
26.014271020889282,-1248.0,-28.0,16408.0,-595.0,-147.0,-245.0,16455.417101975872
26.03796672821045,-1172.0,-64.0,16396.0,-517.0,-247.0,-227.0,16437.958997393805
26.06451439857483,-1336.0,-120.0,16512.0,-641.0,51.0,-259.0,16566.394900520754
26.08810257911682,-1100.0,68.0,16332.0,-637.0,16.0,-246.0,16369.14316633586
26.111390113830566,-1024.0,-60.0,16276.0,-614.0,-84.0,-234.0,16308.290897577219
26.134341955184937,-1084.0,-60.0,16204.0,-603.0,-46.0,-240.0,16240.328568104773
26.157785892486572,-1148.0,-16.0,16352.0,-625.0,2.0,-224.0,16392.256220545114
26.18155288696289,-1172.0,-56.0,16332.0,-667.0,86.0,-252.0,16374.09368484253
26.20655083656311,-1280.0,-280.0,16336.0,-631.0,8.0,-250.0,16388.462282959925
26.229197025299072,-1392.0,-8.0,16592.0,-589.0,-113.0,-246.0,16650.29104850723
26.253052473068237,-1140.0,8.0,16360.0,-631.0,-51.0,-241.0,16399.67267966041
26.27826428413391,-1164.0,-100.0,16440.0,-622.0,-69.0,-245.0,16481.45915870315
26.302061557769775,-1112.0,-60.0,16440.0,-612.0,-33.0,-222.0,16477.67410771314
26.3260018825531,-1072.0,-76.0,16292.0,-627.0,-67.0,-236.0,16327.407142593094
26.349549531936646,-1240.0,-40.0,16364.0,-598.0,-63.0,-237.0,16410.962677429987
26.372894525527954,-1244.0,-32.0,16340.0,-613.0,-95.0,-243.0,16387.31704703366
26.396169662475586,-1180.0,-88.0,16252.0,-592.0,-168.0,-231.0,16295.019116282128
26.419902801513672,-1200.0,-76.0,16388.0,-581.0,-161.0,-225.0,16432.05160654019
26.443620681762695,-1100.0,-56.0,16208.0,-582.0,-132.0,-236.0,16245.380881961493
26.46793556213379,-1176.0,-124.0,16220.0,-629.0,-101.0,-222.0,16263.04866868448
26.496254682540894,-1168.0,-96.0,16480.0,-618.0,-20.0,-232.0,16521.61735424229
26.519375562667847,-1132.0,-76.0,16372.0,-632.0,-19.0,-261.0,16411.263936699088
26.5424861907959,-1216.0,-152.0,16416.0,-655.0,55.0,-237.0,16461.677192801468
26.565303087234497,-1160.0,-4.0,16532.0,-623.0,7.0,-240.0,16572.647344344234
26.58834147453308,-1368.0,-60.0,16576.0,-677.0,50.0,-223.0,16632.462235039045
26.611330270767212,-1164.0,-104.0,16348.0,-609.0,-12.0,-229.0,16389.716776076395
26.63534688949585,-1140.0,0.0,16360.0,-637.0,-39.0,-224.0,16399.670728401838
26.659515380859375,-1132.0,-116.0,16192.0,-588.0,-75.0,-249.0,16231.935928902627
26.682390451431274,-1232.0,-100.0,16516.0,-625.0,-57.0,-245.0,16562.188261217176
26.704699754714966,-1168.0,0.0,16380.0,-596.0,-88.0,-229.0,16421.590178785977
26.728086471557617,-1200.0,-28.0,16356.0,-588.0,-133.0,-236.0,16399.98536584713
26.75269842147827,-1172.0,-116.0,16320.0,-556.0,-218.0,-217.0,16362.43991585607
26.775919675827026,-968.0,-48.0,16368.0,-630.0,-17.0,-220.0,16396.668929999167
26.79877734184265,-1160.0,-124.0,16456.0,-572.0,-128.0,-225.0,16497.30014275063
26.82253336906433,-1172.0,0.0,16356.0,-602.0,-104.0,-246.0,16397.936455542203
26.84602403640747,-1100.0,8.0,16324.0,-621.0,-50.0,-239.0,16361.021972969782
26.869791507720947,-1140.0,-24.0,16268.0,-642.0,-10.0,-240.0,16307.912190099627
26.892972230911255,-1236.0,-12.0,16388.0,-679.0,66.0,-245.0,16434.54848786543
26.91638445854187,-1020.0,8.0,16248.0,-523.0,-289.0,-209.0,16279.986732181325
26.939711809158325,-1100.0,-12.0,16384.0,-594.0,-155.0,-230.0,16420.88913548837
26.963541269302368,-1164.0,12.0,16340.0,-617.0,-107.0,-207.0,16381.411416602661
26.98665475845337,-1216.0,-60.0,16324.0,-635.0,-94.0,-227.0,16369.338166217962
27.009188175201416,-1220.0,-52.0,16400.0,-604.0,-111.0,-223.0,16445.39765405507
27.031354188919067,-1168.0,-124.0,16380.0,-598.0,-79.0,-229.0,16422.058336274415
27.05371356010437,-1240.0,-16.0,16336.0,-587.0,-82.0,-235.0,16383.001922724663
27.07635235786438,-1260.0,12.0,16392.0,-606.0,-118.0,-219.0,16440.359120165227
27.09923219680786,-1196.0,-56.0,16336.0,-595.0,-116.0,-234.0,16379.81831401069
27.12116837501526,-1108.0,28.0,16264.0,-588.0,-71.0,-235.0,16301.722117616899
27.14374279975891,-1232.0,-48.0,16296.0,-641.0,-38.0,-239.0,16342.574582971925
27.16694927215576,-1132.0,-40.0,16372.0,-613.0,-82.0,-229.0,16411.136706517314
27.19038701057434,-1128.0,-136.0,16436.0,-625.0,-53.0,-246.0,16475.223094088895
27.212788581848145,-1108.0,-108.0,16428.0,-636.0,8.0,-236.0,16465.676785361724
27.235016345977783,-1232.0,-8.0,16488.0,-623.0,28.0,-241.0,16533.966009400163
27.257869243621826,-1104.0,-100.0,16444.0,-636.0,-25.0,-233.0,16481.321306254544
27.27965259552002,-1176.0,48.0,16404.0,-673.0,61.0,-240.0,16446.169645239588
27.30226445198059,-1252.0,12.0,16464.0,-597.0,-123.0,-238.0,16511.53972226697
27.3251473903656,-1144.0,-92.0,16452.0,-566.0,-119.0,-230.0,16491.98302206257
27.34707474708557,-1112.0,28.0,16344.0,-590.0,-107.0,-220.0,16381.808935523573
27.369181394577026,-1160.0,-80.0,16408.0,-612.0,-89.0,-217.0,16449.147819872007
27.390910863876343,-1148.0,20.0,16308.0,-610.0,-87.0,-242.0,16348.368970634348
27.413394927978516,-1168.0,-104.0,16264.0,-585.0,-108.0,-214.0,16306.217709818546
27.435855865478516,-1016.0,24.0,16432.0,-614.0,-115.0,-232.0,16463.3974622494
27.458192825317383,-1004.0,116.0,16288.0,-609.0,-26.0,-246.0,16319.32645668932
27.480021715164185,-1248.0,-156.0,16244.0,-634.0,-33.0,-235.0,16292.617223761197
27.50182271003723,-1164.0,-100.0,16320.0,-643.0,-55.0,-249.0,16361.763230165629
27.52945828437805,-1164.0,-16.0,16268.0,-628.0,-58.0,-214.0,16309.597665178624
27.55211591720581,-1120.0,0.0,16284.0,-629.0,-17.0,-230.0,16322.47089138161
27.574571132659912,-1184.0,-116.0,16468.0,-634.0,-18.0,-242.0,16510.91566207035
27.596418619155884,-836.0,108.0,16176.0,-606.0,-91.0,-231.0,16197.948512080164
27.619472980499268,-1184.0,-28.0,16272.0,-628.0,-21.0,-233.0,16315.04287459889
27.64141869544983,-1172.0,-96.0,16444.0,-597.0,-161.0,-222.0,16485.992114519526
27.66302800178528,-1176.0,-36.0,16320.0,-609.0,-88.0,-225.0,16362.355331675204
27.684765577316284,-1204.0,60.0,16464.0,-638.0,-55.0,-255.0,16508.074145702158
27.70714783668518,-1108.0,20.0,16288.0,-621.0,-28.0,-234.0,16325.654902637138
27.72994589805603,-1160.0,0.0,16280.0,-606.0,-71.0,-226.0,16321.27446004141
27.752300262451172,-1260.0,-16.0,16360.0,-597.0,-116.0,-236.0,16408.45684395702
27.774493932724,-1056.0,-40.0,16460.0,-610.0,-101.0,-214.0,16493.887837620336
27.797605276107788,-1204.0,-72.0,16244.0,-611.0,-56.0,-242.0,16288.718058828325
27.820597410202026,-1132.0,-44.0,16332.0,-608.0,-51.0,-242.0,16371.242591813243
27.844370126724243,-1188.0,-4.0,16288.0,-602.0,-91.0,-236.0,16331.267678903558
27.86763024330139,-1100.0,-52.0,16468.0,-629.0,-57.0,-236.0,16504.77894429368
27.89040780067444,-1172.0,-92.0,16184.0,-642.0,2.0,-229.0,16226.64179674895
27.913888216018677,-1192.0,48.0,16416.0,-656.0,15.0,-251.0,16459.28989962811
27.937167167663574,-1420.0,-16.0,16428.0,-571.0,-158.0,-240.0,16489.264386260533
27.959558486938477,-1280.0,-80.0,16328.0,-585.0,-207.0,-231.0,16378.290020634022
27.98228693008423,-1140.0,4.0,16336.0,-609.0,-71.0,-253.0,16375.729357802662
28.004555225372314,-1144.0,-76.0,16316.0,-611.0,-79.0,-236.0,16356.233307213492
28.027830362319946,-1168.0,72.0,16336.0,-628.0,-70.0,-242.0,16377.860177691102
28.051267623901367,-1124.0,-132.0,16300.0,-600.0,-96.0,-216.0,16339.241108448092
28.077227354049683,-1160.0,-108.0,16372.0,-600.0,-90.0,-238.0,16413.398429332057
28.10066533088684,-1204.0,-92.0,16548.0,-613.0,-107.0,-219.0,16591.99758919944
28.122895002365112,-1152.0,24.0,16276.0,-583.0,-104.0,-212.0,16316.735457805278
28.145166158676147,-1108.0,-28.0,16356.0,-631.0,-88.0,-239.0,16393.510423335203
28.16763210296631,-1092.0,-100.0,16360.0,-613.0,-68.0,-211.0,16396.70893807657
28.19082546234131,-1164.0,-148.0,16340.0,-601.0,-2.0,-243.0,16382.075570574078
28.213091135025024,-1084.0,-100.0,16348.0,-659.0,-42.0,-226.0,16384.20458856639
28.235527276992798,-1208.0,-68.0,16396.0,-651.0,-15.0,-238.0,16440.581011630944
28.259302139282227,-1132.0,-84.0,16300.0,-629.0,-35.0,-252.0,16339.476123792954
28.28237247467041,-1200.0,-36.0,16384.0,-623.0,-24.0,-236.0,16427.92597986733
28.31035304069519,-1200.0,-56.0,16300.0,-625.0,-61.0,-236.0,16344.208026086795
28.339982748031616,-1184.0,44.0,16368.0,-596.0,-158.0,-216.0,16410.826182736808
28.36549162864685,-1132.0,-116.0,16272.0,-595.0,-131.0,-217.0,16311.740066590075
28.38886022567749,-1128.0,-32.0,16484.0,-593.0,-152.0,-221.0,16522.580428008212
28.411803245544434,-1200.0,-56.0,16492.0,-584.0,-148.0,-229.0,16535.694723839093
28.434357166290283,-992.0,-116.0,16416.0,-605.0,-98.0,-244.0,16446.354489673387
28.457322597503662,-1064.0,-32.0,16300.0,-652.0,-19.0,-241.0,16334.72130157108
28.479865550994873,-1196.0,-24.0,16264.0,-615.0,-35.0,-235.0,16307.933284141189
28.50340247154236,-1148.0,12.0,16476.0,-627.0,-68.0,-226.0,16515.950593290112
28.52575445175171,-1152.0,-60.0,16340.0,-621.0,-50.0,-220.0,16380.668606622869
28.548630237579346,-1060.0,-44.0,16244.0,-631.0,-47.0,-220.0,16278.607802880442
28.57165789604187,-1224.0,-100.0,16412.0,-633.0,-40.0,-217.0,16457.883217473624
28.59465479850769,-1116.0,-44.0,16472.0,-613.0,-34.0,-234.0,16509.820592604876
28.617164611816406,-1256.0,-160.0,16400.0,-629.0,-28.0,-225.0,16448.80348232053
28.63988208770752,-1240.0,-36.0,16520.0,-612.0,-65.0,-233.0,16566.51128029073
28.661834955215454,-1204.0,-104.0,16404.0,-595.0,-93.0,-256.0,16448.454273882395
28.683953046798706,-1132.0,-4.0,16484.0,-599.0,-141.0,-232.0,16522.82348752779
28.70701265335083,-1136.0,-84.0,16140.0,-577.0,-164.0,-226.0,16180.146847294063
28.72909665107727,-1148.0,-60.0,16312.0,-581.0,-149.0,-202.0,16352.456940778044
28.752131462097168,-1060.0,-28.0,16332.0,-602.0,-133.0,-234.0,16366.386528491865
28.774858236312866,-1104.0,-80.0,16364.0,-651.0,-96.0,-228.0,16401.39359932564
28.798134803771973,-1188.0,24.0,16356.0,-633.0,-52.0,-230.0,16399.105341450795
28.821738958358765,-1176.0,-68.0,16532.0,-618.0,-76.0,-242.0,16573.913961403323
28.846691608428955,-1232.0,-12.0,16432.0,-626.0,-65.0,-204.0,16478.124650578415
28.870441198349,-1204.0,-16.0,16436.0,-663.0,-27.0,-236.0,16480.04757274687
28.89622187614441,-1180.0,-64.0,16240.0,-660.0,-12.0,-213.0,16282.938801088703
28.919868230819702,-1144.0,4.0,16340.0,-660.0,38.0,-265.0,16379.99853479847
28.942955493927002,-1316.0,-32.0,16356.0,-543.0,-235.0,-232.0,16408.88832310099
28.965962648391724,-1128.0,-8.0,16428.0,-597.0,-142.0,-230.0,16466.68248312331
28.988864421844482,-1300.0,-132.0,16304.0,-621.0,-78.0,-211.0,16356.278305286933
29.011075735092163,-1116.0,-156.0,16428.0,-621.0,-70.0,-214.0,16466.60183523
29.033681869506836,-1176.0,-112.0,16376.0,-588.0,-100.0,-223.0,16418.553407654403
29.060407638549805,-1164.0,-156.0,16348.0,-570.0,-166.0,-242.0,16390.129224627854
29.083847284317017,-1132.0,-52.0,16364.0,-588.0,-123.0,-208.0,16403.189445958367
29.106520652770996,-1200.0,-8.0,16416.0,-620.0,-95.0,-233.0,16459.803157996757
29.129154443740845,-1168.0,-68.0,16236.0,-624.0,-64.0,-224.0,16278.100134843746
29.15248680114746,-1132.0,-40.0,16344.0,-608.0,-70.0,-242.0,16383.20359392509
29.174813747406006,-1076.0,-60.0,16416.0,-601.0,-88.0,-235.0,16451.33526495646
29.19795536994934,-1032.0,-64.0,16364.0,-608.0,-113.0,-238.0,16396.634288780122
29.220244646072388,-1160.0,-40.0,16316.0,-595.0,-96.0,-223.0,16357.232528762315
29.242631912231445,-1140.0,8.0,16340.0,-639.0,-34.0,-222.0,16379.721120947084
29.26493525505066,-1096.0,-108.0,16400.0,-608.0,-64.0,-249.0,16436.936454217983
29.287282466888428,-1124.0,12.0,16344.0,-625.0,-70.0,-241.0,16382.608339333514
29.31022810935974,-1140.0,-36.0,16416.0,-615.0,-83.0,-224.0,16455.575103897158
29.333504915237427,-1192.0,24.0,16380.0,-609.0,-54.0,-224.0,16423.33218320813
29.357637405395508,-1160.0,-116.0,16340.0,-620.0,-34.0,-230.0,16381.533994104459
29.381741762161255,-1204.0,-64.0,16276.0,-602.0,-102.0,-224.0,16320.597047902384
29.404366493225098,-1108.0,-44.0,16468.0,-611.0,-89.0,-220.0,16505.290788107915
29.426995277404785,-1192.0,-68.0,16344.0,-605.0,-73.0,-257.0,16387.550884741748
29.44926166534424,-1080.0,-40.0,16288.0,-627.0,-31.0,-225.0,16323.81524031683
29.471937894821167,-1156.0,-124.0,16396.0,-612.0,-28.0,-231.0,16437.169099330942
29.495078563690186,-1100.0,-116.0,16384.0,-629.0,-65.0,-237.0,16421.29446785484
29.51811718940735,-1156.0,-116.0,16368.0,-602.0,-104.0,-225.0,16409.18084488071
29.540515184402466,-1228.0,-16.0,16320.0,-589.0,-125.0,-213.0,16366.143100926376
29.563634157180786,-1164.0,-32.0,16380.0,-606.0,-140.0,-256.0,16421.337338962378
29.58620262145996,-1092.0,96.0,16256.0,-602.0,-112.0,-243.0,16292.919198228414
29.60921359062195,-1140.0,-16.0,16456.0,-615.0,-123.0,-232.0,16495.447614417742
29.632848262786865,-1108.0,-88.0,16368.0,-608.0,-104.0,-225.0,16405.695108711487
29.655842781066895,-1152.0,-136.0,16304.0,-635.0,-74.0,-245.0,16345.213856049728
29.67864465713501,-1196.0,-116.0,16352.0,-639.0,-88.0,-239.0,16396.090265670045
29.701512336730957,-1056.0,-160.0,16240.0,-615.0,-45.0,-240.0,16275.083287037274
29.72398066520691,-1140.0,-4.0,16336.0,-649.0,0.0,-243.0,16375.729357802662
29.745912551879883,-1208.0,-28.0,16404.0,-628.0,-9.0,-222.0,16448.44260104889
29.767709493637085,-1156.0,24.0,16296.0,-626.0,-12.0,-236.0,16336.968139774282
29.79133939743042,-1224.0,-16.0,16360.0,-637.0,-32.0,-243.0,16405.731681336252
29.813849210739136,-1312.0,-80.0,16528.0,-622.0,-57.0,-236.0,16580.184799935134
29.836672067642212,-1212.0,-116.0,16320.0,-597.0,-99.0,-232.0,16365.353647263477
29.85951566696167,-1040.0,-84.0,16344.0,-625.0,-46.0,-226.0,16377.270590669252
29.88306188583374,-1348.0,-124.0,16440.0,-619.0,-99.0,-227.0,16495.63821135757
29.906092882156372,-1172.0,-108.0,16460.0,-579.0,-124.0,-218.0,16502.025572638046
29.92944097518921,-1204.0,-64.0,16456.0,-601.0,-108.0,-232.0,16500.110545084237
29.951499223709106,-1172.0,-56.0,16500.0,-615.0,-94.0,-232.0,16541.666179680935
29.973930597305298,-1232.0,-64.0,16416.0,-598.0,-53.0,-223.0,16462.289512701445
29.99711775779724,-1224.0,-88.0,16360.0,-618.0,-80.0,-228.0,16405.95989267315
30.01950216293335,-1256.0,-16.0,16444.0,-625.0,-85.0,-251.0,16491.904923325263
30.042014837265015,-1112.0,56.0,16276.0,-622.0,-69.0,-223.0,16314.038617092949
30.064167737960815,-1168.0,-12.0,16344.0,-616.0,-64.0,-229.0,16385.685948412414
30.087177515029907,-1200.0,-24.0,16372.0,-628.0,-37.0,-251.0,16415.93615971992
30.111665964126587,-1176.0,-32.0,16300.0,-626.0,-69.0,-242.0,16342.398844722888
30.134137630462646,-1200.0,0.0,16456.0,-544.0,-175.0,-233.0,16499.6950274846
30.155820608139038,-1132.0,-4.0,16252.0,-553.0,-188.0,-215.0,16291.37636911013
30.178450345993042,-1076.0,-16.0,16340.0,-612.0,-42.0,-244.0,16375.397155489085
30.200313806533813,-1036.0,-96.0,16348.0,-597.0,-73.0,-229.0,16381.0749342038
30.22274136543274,-1156.0,-16.0,16440.0,-604.0,-97.0,-231.0,16480.60047449728
30.244779348373413,-1120.0,44.0,16520.0,-613.0,-108.0,-243.0,16557.981036346187
30.266671657562256,-1132.0,0.0,16404.0,-629.0,-59.0,-237.0,16443.011889553567
30.28859043121338,-1132.0,8.0,16464.0,-638.0,-49.0,-239.0,16502.871992474524
30.312607049942017,-1156.0,-36.0,16524.0,-616.0,-125.0,-229.0,16564.425978584346
30.335224151611328,-1156.0,-140.0,16328.0,-596.0,-77.0,-236.0,16369.469142278256
30.357253074645996,-1188.0,-52.0,16512.0,-600.0,-89.0,-242.0,16554.763423256765
30.379483699798584,-1156.0,-8.0,16328.0,-612.0,-84.0,-226.0,16368.872410767945
30.401302576065063,-1132.0,-84.0,16508.0,-617.0,-71.0,-232.0,16546.97990571089
30.42299795150757,-1132.0,-8.0,16508.0,-646.0,-66.0,-226.0,16546.76862713684
30.44609785079956,-1116.0,-104.0,16420.0,-642.0,-46.0,-238.0,16458.209866203553
30.468551874160767,-1164.0,-40.0,16256.0,-655.0,-11.0,-253.0,16297.66952665319
30.490764617919922,-1120.0,-56.0,16432.0,-628.0,-82.0,-215.0,16470.22039925392
30.512665271759033,-1148.0,-120.0,16316.0,-614.0,-79.0,-226.0,16356.777188676258
30.535075426101685,-1144.0,-44.0,16424.0,-583.0,-159.0,-220.0,16463.852769020985
30.557300090789795,-1060.0,-100.0,16312.0,-588.0,-145.0,-239.0,16346.710494775394
30.580169916152954,-1232.0,-136.0,16436.0,-600.0,-145.0,-246.0,16482.6701720322
30.60322880744934,-1208.0,-124.0,16376.0,-622.0,-111.0,-229.0,16420.962700158598
30.625352382659912,-1216.0,-40.0,16308.0,-636.0,-80.0,-220.0,16353.321375182473
30.647278308868408,-1108.0,-24.0,16400.0,-601.0,-101.0,-254.0,16437.403687930768
30.66939353942871,-1184.0,-88.0,16384.0,-612.0,-50.0,-231.0,16426.96125276979
30.691588163375854,-1296.0,-52.0,16412.0,-637.0,-32.0,-262.0,16463.172962706794
30.71333622932434,-1112.0,-40.0,16448.0,-666.0,48.0,-253.0,16485.595166690222
30.73510217666626,-1296.0,-56.0,16412.0,-640.0,3.0,-272.0,16463.18608289416
30.756956815719604,-1324.0,-124.0,16388.0,-625.0,-96.0,-243.0,16441.864127890123
30.77858281135559,-1172.0,-40.0,16396.0,-622.0,-91.0,-208.0,16437.88307538413
30.801132678985596,-1288.0,-28.0,16400.0,-633.0,-60.0,-243.0,16450.52363908213
30.823265314102173,-1220.0,-84.0,16332.0,-630.0,-69.0,-236.0,16377.719010900144
30.845566272735596,-1236.0,-52.0,16296.0,-624.0,-82.0,-249.0,16342.88885111809
30.86759901046753,-1204.0,-64.0,16508.0,-614.0,-106.0,-222.0,16551.97196711014
30.89032816886902,-1156.0,-228.0,16396.0,-614.0,-99.0,-226.0,16438.282635360665
30.91276240348816,-1156.0,-56.0,16376.0,-607.0,-89.0,-220.0,16416.84646940453
30.935336351394653,-1148.0,24.0,16368.0,-599.0,-77.0,-250.0,16408.22671710749
30.95834755897522,-1336.0,-144.0,16416.0,-578.0,-177.0,-220.0,16470.904286043315
30.980178833007812,-1152.0,-172.0,16364.0,-594.0,-89.0,-226.0,16405.401061845456
31.00218439102173,-1192.0,-112.0,16248.0,-523.0,-278.0,-205.0,16292.050576891786
31.02447009086609,-1060.0,-32.0,16192.0,-662.0,92.0,-240.0,16226.690605295955
31.046568155288696,-1160.0,-84.0,16380.0,-653.0,-5.0,-255.0,16421.237955769353
31.069236755371094,-1180.0,-52.0,16432.0,-696.0,133.0,-253.0,16474.396134608392
31.09234929084778,-1272.0,-172.0,16400.0,-536.0,-234.0,-228.0,16450.15404183195
31.115363121032715,-1036.0,-112.0,16180.0,-648.0,-26.0,-266.0,16213.520284009886
31.137222290039062,-1188.0,-88.0,16276.0,-578.0,-116.0,-243.0,16319.536267921341
31.159672021865845,-1260.0,-72.0,16336.0,-653.0,9.0,-241.0,16384.678208619174
31.183644771575928,-1036.0,100.0,16276.0,-659.0,16.0,-257.0,16309.244985590229
31.208033323287964,-1176.0,-68.0,16400.0,-634.0,-25.0,-224.0,16442.250454241355
31.23234486579895,-1064.0,-28.0,16424.0,-636.0,-55.0,-232.0,16458.45241813458
31.256754398345947,-1176.0,48.0,16360.0,-636.0,-73.0,-240.0,16402.282767956418
31.28068232536316,-1132.0,-84.0,16300.0,-598.0,-94.0,-247.0,16339.476123792954
31.304959535598755,-1220.0,0.0,16432.0,-629.0,-71.0,-247.0,16477.227436677567
31.330344915390015,-1196.0,-80.0,16260.0,-611.0,-70.0,-261.0,16304.122668822141
31.354900598526,-1156.0,-48.0,16480.0,-640.0,-74.0,-239.0,16520.564155016014
31.379687786102295,-1168.0,-64.0,16440.0,-612.0,-72.0,-243.0,16481.563032673814
31.406219005584717,-1176.0,16.0,16460.0,-621.0,-66.0,-239.0,16501.964489114624
31.43170428276062,-1188.0,-76.0,16476.0,-621.0,-80.0,-228.0,16518.94960341002
31.456700325012207,-1172.0,-76.0,16340.0,-639.0,-78.0,-246.0,16382.15370456522
31.480676651000977,-1116.0,-84.0,16360.0,-632.0,-57.0,-237.0,16398.235026977753
31.504844903945923,-1144.0,-40.0,16336.0,-614.0,-43.0,-242.0,16376.056668197018
31.529513835906982,-1116.0,-100.0,16268.0,-622.0,-54.0,-237.0,16306.541018867245
31.55396342277527,-1212.0,16.0,16412.0,-614.0,-46.0,-221.0,16456.699061476455
31.579556703567505,-1224.0,-112.0,16272.0,-582.0,-54.0,-230.0,16318.354819037366
31.603720664978027,-1184.0,-52.0,16352.0,-628.0,-66.0,-233.0,16394.89139945733
31.628395080566406,-1236.0,-48.0,16304.0,-611.0,-51.0,-257.0,16350.853678019383
31.65286612510681,-1156.0,-140.0,16436.0,-610.0,-47.0,-239.0,16477.197334498363
31.67702865600586,-1200.0,-68.0,16364.0,-607.0,-56.0,-232.0,16408.0809359291
31.701951026916504,-1188.0,-88.0,16384.0,-611.0,-107.0,-226.0,16427.25004375352
31.726205587387085,-1120.0,40.0,16468.0,-604.0,-86.0,-224.0,16506.09051229273
31.750126123428345,-1264.0,-68.0,16384.0,-587.0,-98.0,-246.0,16432.82617202531
31.774791955947876,-1240.0,-124.0,16424.0,-591.0,-175.0,-234.0,16471.2097916334
31.799566984176636,-1184.0,24.0,16368.0,-615.0,-86.0,-228.0,16410.78474662318
31.82560086250305,-1156.0,-128.0,16356.0,-606.0,-69.0,-234.0,16397.300265592505
31.850995302200317,-1108.0,36.0,16324.0,-615.0,-87.0,-232.0,16361.599432818297
31.87624454498291,-1212.0,4.0,16348.0,-623.0,-12.0,-247.0,16392.86625334325
31.90123987197876,-1264.0,-32.0,16416.0,-619.0,-74.0,-263.0,16464.62195132339
31.926607131958008,-1216.0,12.0,16368.0,-606.0,-104.0,-228.0,16413.11134428814
31.951279640197754,-1164.0,-60.0,16376.0,-630.0,-37.0,-234.0,16417.425864001943
31.976356267929077,-1180.0,-48.0,16424.0,-659.0,10.0,-234.0,16466.40458630845
32.00046682357788,-1144.0,-52.0,16392.0,-633.0,-5.0,-243.0,16431.95374871777
32.02490019798279,-1108.0,-160.0,16396.0,-651.0,-9.0,-256.0,16434.174150227325
32.04951548576355,-808.0,28.0,16216.0,-611.0,-81.0,-223.0,16236.141906253468
32.0749192237854,-1140.0,-40.0,16284.0,-602.0,-81.0,-255.0,16323.904434907723
32.099815368652344,-1052.0,12.0,16468.0,-637.0,-65.0,-255.0,16501.571803922194
32.12516927719116,-1204.0,48.0,16292.0,-601.0,-82.0,-216.0,16336.498523245427
32.150432109832764,-1132.0,44.0,16344.0,-599.0,-67.0,-241.0,16383.213848326584
32.17528486251831,-1112.0,-52.0,16384.0,-622.0,-83.0,-220.0,16421.775299887646
32.20048952102661,-1168.0,-108.0,16440.0,-604.0,-110.0,-243.0,16481.792620949942
32.22508239746094,-1092.0,-32.0,16192.0,-589.0,-89.0,-229.0,16228.812402637477
32.24897527694702,-1108.0,60.0,16440.0,-624.0,-49.0,-236.0,16477.404650004806
32.274343490600586,-1236.0,-84.0,16416.0,-644.0,-48.0,-223.0,16462.67924731573
32.29893445968628,-1128.0,20.0,16396.0,-623.0,-120.0,-227.0,16434.768023918074
32.32442116737366,-1224.0,-52.0,16372.0,-602.0,-129.0,-241.0,16417.772808758196
32.349021434783936,-1108.0,-80.0,16196.0,-584.0,-108.0,-230.0,16234.053098348546
32.37328290939331,-1112.0,-8.0,16556.0,-616.0,-85.0,-237.0,16593.304191751562
32.398266315460205,-1080.0,-120.0,16212.0,-630.0,-111.0,-241.0,16248.376657377192
32.42271375656128,-1096.0,-72.0,16368.0,-573.0,-141.0,-215.0,16404.81100165436
32.4476478099823,-1144.0,-56.0,16408.0,-598.0,-89.0,-220.0,16447.928015406684
32.47220039367676,-1188.0,-32.0,16336.0,-646.0,-50.0,-240.0,16379.171651826597
32.49613165855408,-1088.0,-80.0,16204.0,-608.0,-48.0,-235.0,16240.682251678962
32.5204598903656,-1136.0,-112.0,16544.0,-620.0,-78.0,-232.0,16583.334284757093
32.54479098320007,-1108.0,-128.0,16336.0,-642.0,-44.0,-245.0,16374.032612646159
32.56939768791199,-1148.0,-52.0,16560.0,-627.0,-26.0,-233.0,16599.825541251932
32.59460115432739,-1208.0,-20.0,16300.0,-608.0,18.0,-243.0,16344.713640807538
32.622355699539185,-1132.0,56.0,16292.0,-654.0,12.0,-237.0,16331.375447279386
32.64786887168884,-952.0,160.0,16388.0,-558.0,-148.0,-225.0,16416.407889669408
32.67316818237305,-1156.0,-64.0,16464.0,-619.0,-91.0,-227.0,16504.65776682449
32.69783115386963,-1184.0,-64.0,16420.0,-607.0,-83.0,-247.0,16462.756512807933
32.72239637374878,-1072.0,-92.0,16320.0,-608.0,-65.0,-246.0,16355.428701198878
32.74727725982666,-1216.0,-24.0,16344.0,-616.0,-74.0,-223.0,16389.190584040447
32.77255725860596,-1292.0,-32.0,16396.0,-612.0,-75.0,-223.0,16446.856964174036
32.79785084724426,-1236.0,-60.0,16456.0,-625.0,-60.0,-218.0,16502.461392168138
32.82400631904602,-1176.0,-28.0,16308.0,-602.0,-87.0,-232.0,16350.370760322226
32.850319147109985,-1068.0,-8.0,16464.0,-637.0,-80.0,-232.0,16498.60551683081
32.87627553939819,-1216.0,36.0,16392.0,-601.0,-78.0,-245.0,16437.080519362313
32.90228319168091,-1244.0,-76.0,16308.0,-622.0,-82.0,-241.0,16355.554897342981
32.92844820022583,-1104.0,-116.0,16428.0,-623.0,-49.0,-247.0,16465.462520075165
32.95569658279419,-1196.0,-36.0,16512.0,-629.0,-50.0,-247.0,16555.296916697083
32.98130249977112,-1128.0,-44.0,16368.0,-633.0,-79.0,-232.0,16406.88099548479
33.00649952888489,-1092.0,48.0,16284.0,-595.0,-63.0,-216.0,16320.644104936546
33.03191781044006,-1200.0,40.0,16344.0,-637.0,-69.0,-235.0,16388.042470045042
33.057279109954834,-1128.0,-40.0,16404.0,-622.0,-65.0,-244.0,16442.78565207246
33.08310627937317,-1112.0,-88.0,16464.0,-621.0,-50.0,-232.0,16501.744877436446
33.108211517333984,-1168.0,-92.0,16368.0,-620.0,-63.0,-218.0,16409.878488276507
33.13353776931763,-1080.0,-128.0,16488.0,-636.0,-85.0,-235.0,16523.829096187117
33.158406496047974,-1168.0,-44.0,16316.0,-614.0,-62.0,-235.0,16357.812078636922
33.18372917175293,-1092.0,-220.0,16336.0,-637.0,-85.0,-246.0,16373.935385239554
33.208802700042725,-1228.0,-32.0,16348.0,-627.0,-70.0,-230.0,16394.087714783032
33.23353838920593,-1232.0,-32.0,16288.0,-629.0,-75.0,-251.0,16334.558212574957
33.25902485847473,-1260.0,-60.0,16376.0,-622.0,-68.0,-209.0,16424.511438700392
33.284668922424316,-1104.0,-4.0,16384.0,-612.0,-88.0,-223.0,16421.153674452962
33.310540199279785,-1160.0,-64.0,16296.0,-611.0,-48.0,-228.0,16337.359394957313
33.336703062057495,-1140.0,-64.0,16376.0,-610.0,-82.0,-240.0,16415.75682081091
33.36163640022278,-1208.0,-8.0,16392.0,-617.0,-106.0,-251.0,16436.453145371725
33.387436389923096,-1192.0,-108.0,16276.0,-599.0,-73.0,-233.0,16319.948039132967
33.412529706954956,-1172.0,-24.0,16368.0,-615.0,-82.0,-245.0,16409.923339248115
33.43717050552368,-1156.0,-160.0,16428.0,-619.0,-82.0,-224.0,16469.399503321303
33.46250319480896,-1152.0,-44.0,16436.0,-592.0,-112.0,-229.0,16476.381156067007
33.487186431884766,-1132.0,-52.0,16352.0,-591.0,-112.0,-248.0,16391.218136551048
33.51215600967407,-1192.0,-76.0,16420.0,-594.0,-118.0,-215.0,16463.3848281573
33.53628087043762,-1104.0,-64.0,16456.0,-586.0,-121.0,-220.0,16493.11516967004
33.56060481071472,-956.0,12.0,16312.0,-640.0,20.0,-235.0,16339.994614442197
33.58536338806152,-1188.0,80.0,16392.0,-618.0,-70.0,-232.0,16435.18810357825
33.609652042388916,-1100.0,-20.0,16356.0,-601.0,-82.0,-213.0,16392.959952369798
33.63372039794922,-1232.0,-52.0,16360.0,-622.0,-99.0,-231.0,16406.405090695524
33.6580023765564,-1204.0,-24.0,16368.0,-613.0,-80.0,-239.0,16412.239822766423
33.682639598846436,-1036.0,-108.0,16396.0,-633.0,-83.0,-231.0,16429.052802885504
33.706948041915894,-1188.0,-68.0,16364.0,-642.0,-79.0,-235.0,16407.207684429424
33.73150706291199,-1116.0,4.0,16344.0,-619.0,-51.0,-238.0,16382.057502035574
33.75542378425598,-1180.0,4.0,16460.0,-629.0,-68.0,-246.0,16502.242756667954
33.77914118766785,-1184.0,16.0,16388.0,-631.0,-40.0,-215.0,16430.72292992612
33.80406737327576,-1188.0,-120.0,16336.0,-628.0,-27.0,-245.0,16379.579970194596
33.82992911338806,-1212.0,-148.0,16352.0,-638.0,-17.0,-252.0,16397.522739731146
33.85515308380127,-1140.0,12.0,16408.0,-627.0,-3.0,-232.0,16447.55933261832
33.87971901893616,-1208.0,-104.0,16420.0,-621.0,-42.0,-254.0,16464.7040665783
33.90443420410156,-1288.0,-108.0,16484.0,-624.0,-55.0,-225.0,16534.59597329188
33.930160999298096,-1256.0,-36.0,16464.0,-631.0,-30.0,-218.0,16511.87839102505
33.95550990104675,-1196.0,-104.0,16404.0,-601.0,-95.0,-225.0,16447.870622059258
33.98099064826965,-1112.0,-28.0,16296.0,-616.0,-147.0,-227.0,16333.920043884138
34.006226539611816,-1124.0,-136.0,16292.0,-592.0,-136.0,-215.0,16331.293151492933
34.03030586242676,-1260.0,-100.0,16300.0,-620.0,-137.0,-222.0,16348.932686875924
34.057095527648926,-1100.0,-52.0,16276.0,-584.0,-130.0,-239.0,16313.211823549647
34.08315658569336,-1124.0,88.0,16284.0,-617.0,-65.0,-206.0,16322.983060703089
34.10873198509216,-1132.0,-72.0,16420.0,-566.0,-80.0,-213.0,16459.131447315194
34.133708477020264,-1104.0,-56.0,16292.0,-626.0,-103.0,-237.0,16329.458533582796
34.16062378883362,-1136.0,24.0,16452.0,-618.0,-50.0,-228.0,16491.190860577655
34.18498468399048,-1064.0,-80.0,16400.0,-611.0,-117.0,-222.0,16434.673589700527
34.20959234237671,-1268.0,-28.0,16388.0,-620.0,-57.0,-236.0,16437.00556670831
34.23427724838257,-1176.0,-40.0,16356.0,-635.0,-57.0,-214.0,16398.271616240538
34.260162591934204,-1240.0,-156.0,16348.0,-613.0,-40.0,-233.0,16395.701875796596
34.28459334373474,-1172.0,-40.0,16320.0,-622.0,-65.0,-230.0,16362.077618688892
34.309606075286865,-1120.0,-92.0,16556.0,-633.0,-97.0,-209.0,16594.095335389633
34.33543395996094,-1280.0,64.0,16364.0,-614.0,-72.0,-245.0,16414.10954027053
34.3605523109436,-1096.0,-40.0,16444.0,-643.0,-58.0,-239.0,16480.532515668296
34.385607957839966,-1156.0,-4.0,16260.0,-592.0,-75.0,-234.0,16301.041439122839
34.40964436531067,-1140.0,-64.0,16324.0,-609.0,-58.0,-224.0,16363.883157734903
34.435413122177124,-1224.0,-148.0,16376.0,-621.0,-70.0,-220.0,16422.346239194932
34.459871768951416,-1176.0,-40.0,16352.0,-607.0,-69.0,-245.0,16394.281929990102
34.485363483428955,-1196.0,-68.0,16408.0,-636.0,-36.0,-234.0,16451.671769154647
34.50933599472046,-1112.0,36.0,16424.0,-643.0,-6.0,-240.0,16461.640744470158
34.53467655181885,-1204.0,-44.0,16444.0,-663.0,-36.0,-236.0,16488.077146835527
34.56018567085266,-1124.0,-112.0,16304.0,-651.0,1.0,-234.0,16343.082206242494
34.585161209106445,-1352.0,-44.0,16588.0,-533.0,-321.0,-218.0,16643.064140956736
34.60943031311035,-1260.0,-20.0,16356.0,-593.0,-166.0,-221.0,16404.47304853161
34.63432574272156,-1136.0,-40.0,16348.0,-604.0,-95.0,-234.0,16387.470823772655
34.66525316238403,-1228.0,88.0,16348.0,-595.0,-67.0,-239.0,16394.29266543696
34.69617581367493,-1172.0,-100.0,16340.0,-615.0,-68.0,-232.0,16382.282624835892
34.72477340698242,-1164.0,0.0,16352.0,-596.0,-86.0,-225.0,16393.376711342906
34.74956512451172,-1164.0,-96.0,16400.0,-610.0,-102.0,-250.0,16441.53618126968
34.77374458312988,-1032.0,-136.0,16492.0,-602.0,-128.0,-236.0,16524.81721532798
34.798190116882324,-1168.0,-48.0,16336.0,-589.0,-134.0,-232.0,16377.772253881172
34.823739767074585,-1132.0,-104.0,16320.0,-601.0,-91.0,-227.0,16359.542780897025
34.85201692581177,-1144.0,-20.0,16260.0,-582.0,-86.0,-255.0,16300.206624457249
34.87744212150574,-1192.0,-92.0,16464.0,-614.0,-84.0,-224.0,16507.35060510923
34.90216684341431,-1148.0,-88.0,16360.0,-630.0,-70.0,-237.0,16400.464871460197
34.92774033546448,-1144.0,0.0,16336.0,-617.0,-37.0,-220.0,16376.007816314695
34.95412635803223,-1208.0,-84.0,16364.0,-628.0,-62.0,-232.0,16408.742060255565
34.97974133491516,-1148.0,36.0,16464.0,-640.0,-28.0,-243.0,16504.01454192282
35.00531578063965,-1060.0,20.0,16196.0,-628.0,-41.0,-252.0,16230.662833045359
35.03102731704712,-1184.0,-108.0,16540.0,-635.0,-31.0,-238.0,16582.675296827107
35.055824518203735,-1092.0,16.0,16416.0,-628.0,-32.0,-217.0,16452.287865218015
35.08082866668701,-1096.0,-76.0,16320.0,-620.0,-62.0,-220.0,16356.937121600731
35.10619139671326,-1168.0,-4.0,16476.0,-658.0,-35.0,-244.0,16517.348939826876
35.130855560302734,-1028.0,24.0,16368.0,-576.0,-178.0,-245.0,16400.267802691516
35.15511679649353,-1188.0,-76.0,16372.0,-633.0,-18.0,-233.0,16415.221716443553
35.17944121360779,-1160.0,-68.0,16344.0,-606.0,-80.0,-241.0,16385.254346515343
35.203569173812866,-1080.0,-76.0,16368.0,-607.0,-89.0,-233.0,16403.767859854637
35.22919774055481,-1200.0,-72.0,16560.0,-620.0,-77.0,-230.0,16603.577445839797
35.25413465499878,-1228.0,-112.0,16380.0,-620.0,-98.0,-235.0,16426.348589994064
35.2788290977478,-1088.0,-68.0,16308.0,-624.0,-96.0,-245.0,16344.394513104486
35.30287265777588,-1212.0,-64.0,16432.0,-613.0,-82.0,-230.0,16476.76133225216
35.32725238800049,-1064.0,-112.0,16236.0,-650.0,-25.0,-236.0,16271.211878652432
35.35231614112854,-1216.0,12.0,16340.0,-613.0,-52.0,-234.0,16385.188433460262
35.37654685974121,-1172.0,-112.0,16292.0,-586.0,-42.0,-226.0,16334.48474853125
35.40165138244629,-1124.0,-112.0,16392.0,-592.0,-69.0,-233.0,16430.872892211173
35.426114082336426,-1188.0,4.0,16392.0,-591.0,-46.0,-229.0,16434.993885000382
35.45087289810181,-1088.0,-28.0,16356.0,-624.0,-103.0,-244.0,16392.170814141733
35.476524114608765,-1104.0,-96.0,16432.0,-623.0,-77.0,-220.0,16469.324697752487
35.50060439109802,-1112.0,-44.0,16452.0,-629.0,-73.0,-225.0,16489.596235202363
35.524511098861694,-1144.0,-20.0,16348.0,-610.0,-79.0,-240.0,16387.99072491805
35.54864859580994,-1208.0,-32.0,16396.0,-610.0,-103.0,-198.0,16440.471526084646
35.57357573509216,-1184.0,28.0,16304.0,-600.0,-105.0,-226.0,16346.958616207481
35.597625732421875,-1232.0,-112.0,16436.0,-605.0,-96.0,-224.0,16482.48961777316
35.62160682678223,-1160.0,12.0,16536.0,-592.0,-120.0,-244.0,16576.641396857205
35.64545655250549,-1156.0,-68.0,16324.0,-605.0,-114.0,-252.0,16365.021723175316
35.669687032699585,-1144.0,40.0,16328.0,-590.0,-85.0,-229.0,16368.076246156725
35.694730281829834,-1156.0,-16.0,16320.0,-625.0,-73.0,-226.0,16360.898263848474
35.718570709228516,-1068.0,8.0,16452.0,-632.0,-66.0,-245.0,16486.630704907537
35.74290609359741,-1172.0,-52.0,16312.0,-629.0,-43.0,-238.0,16354.131954952547
35.766653299331665,-1116.0,-88.0,16416.0,-642.0,-51.0,-227.0,16454.12580479437
35.79229021072388,-1216.0,-76.0,16432.0,-623.0,-32.0,-237.0,16477.10702763079
35.817323446273804,-1116.0,-80.0,16416.0,-642.0,0.0,-231.0,16454.08496392309
35.842447996139526,-1092.0,-40.0,16352.0,-651.0,0.0,-248.0,16388.47058147892
35.86783313751221,-1192.0,24.0,16376.0,-670.0,4.0,-241.0,16419.342739586136
35.89288663864136,-584.0,-40.0,16076.0,-705.0,142.0,-255.0,16086.653847211359
35.91680693626404,-1168.0,-20.0,16352.0,-638.0,-50.0,-250.0,16393.673413850844
35.94021511077881,-1096.0,-140.0,16336.0,-627.0,-31.0,-211.0,16373.3231813215
35.96357774734497,-1132.0,-12.0,16312.0,-576.0,-67.0,-249.0,16351.235794275612
35.98702120780945,-1092.0,-112.0,16400.0,-620.0,-57.0,-226.0,16436.69699179248
36.011656761169434,-1152.0,-88.0,16288.0,-598.0,-84.0,-243.0,16328.925010544937
36.03547739982605,-1216.0,-92.0,16476.0,-592.0,-110.0,-232.0,16521.068246333227
36.059367656707764,-1116.0,-80.0,16348.0,-591.0,-117.0,-248.0,16386.243010525628
36.082770347595215,-1212.0,-60.0,16412.0,-607.0,-77.0,-243.0,16456.80066112487
36.10619592666626,-1220.0,-124.0,16436.0,-597.0,-142.0,-213.0,16481.682923779354
36.12951707839966,-1136.0,-16.0,16360.0,-610.0,-83.0,-219.0,16399.40096466941
36.152547121047974,-1144.0,-36.0,16400.0,-589.0,-95.0,-232.0,16439.89148382677
36.18015384674072,-1192.0,40.0,16308.0,-601.0,-125.0,-218.0,16351.554299209602
36.204211950302124,-1040.0,0.0,16236.0,-582.0,-95.0,-229.0,16269.274599686367
36.22911286354065,-1148.0,-24.0,16376.0,-622.0,-94.0,-232.0,16416.207113703214
36.25276231765747,-1124.0,-64.0,16280.0,-618.0,-102.0,-255.0,16318.880843979467
36.2756884098053,-1184.0,-44.0,16428.0,-617.0,-72.0,-239.0,16470.670174586096
36.2982382774353,-1184.0,-76.0,16432.0,-619.0,-83.0,-226.0,16474.776356600414
36.32122302055359,-1204.0,-28.0,16320.0,-635.0,-47.0,-243.0,16364.37594288276
36.34528136253357,-1108.0,-44.0,16340.0,-626.0,-68.0,-251.0,16377.58223914629
36.36853051185608,-1204.0,72.0,16388.0,-634.0,-30.0,-227.0,16432.326189556974
36.39087462425232,-1220.0,56.0,16384.0,-635.0,-28.0,-231.0,16429.455012263796
36.41361165046692,-1072.0,-40.0,16404.0,-604.0,-41.0,-225.0,16439.038901347
36.44277906417847,-1116.0,-40.0,16344.0,-631.0,-11.0,-248.0,16382.10584753987
36.46532344818115,-1136.0,-84.0,16272.0,-622.0,-51.0,-225.0,16311.821970583176
36.488747358322144,-1208.0,-60.0,16500.0,-619.0,-71.0,-232.0,16544.269823718423
36.5107626914978,-1304.0,-60.0,16368.0,-617.0,-65.0,-234.0,16419.97076733086
36.532854318618774,-1092.0,-88.0,16204.0,-612.0,-94.0,-207.0,16240.992087923692
36.555335998535156,-1140.0,-40.0,16404.0,-616.0,-97.0,-252.0,16443.613228241535
36.577884912490845,-1208.0,24.0,16424.0,-609.0,-103.0,-239.0,16468.382312783488
36.60012102127075,-1132.0,-96.0,16336.0,-597.0,-134.0,-234.0,16375.455291380451
36.62315487861633,-1156.0,-76.0,16400.0,-616.0,-100.0,-244.0,16440.867130416205
36.646066665649414,-1152.0,-104.0,16424.0,-590.0,-100.0,-228.0,16464.680258055425
36.6682493686676,-1148.0,12.0,16256.0,-610.0,-97.0,-224.0,16296.48992881596
36.69098114967346,-1164.0,-24.0,16508.0,-613.0,-71.0,-220.0,16549.0040787958
36.721773862838745,-1128.0,-52.0,16336.0,-612.0,-92.0,-227.0,16374.98042746922
36.74531602859497,-948.0,-64.0,16228.0,-667.0,1.0,-242.0,16255.792321508048
36.77296328544617,-1144.0,-68.0,16452.0,-584.0,-50.0,-224.0,16491.866601449336
36.806305170059204,-1184.0,-188.0,16372.0,-638.0,-12.0,-236.0,16415.833332487266
36.83288812637329,-1100.0,-88.0,16388.0,-636.0,11.0,-238.0,16425.111506470817
36.85727906227112,-1240.0,-4.0,16536.0,-666.0,35.0,-255.0,16582.427807772903
36.88097405433655,-1036.0,-8.0,16296.0,-572.0,-210.0,-223.0,16328.90002419024
36.90407609939575,-1056.0,-16.0,16456.0,-618.0,-54.0,-245.0,16489.855305611385
36.92801785469055,-1092.0,-104.0,16440.0,-644.0,-62.0,-234.0,16476.555465266396
36.95144820213318,-1200.0,-4.0,16204.0,-630.0,-63.0,-218.0,16248.373210878683
36.97441077232361,-1064.0,-160.0,16244.0,-633.0,-76.0,-240.0,16279.595572372184
36.99761939048767,-1204.0,-4.0,16340.0,-624.0,-54.0,-240.0,16384.298337127533
37.02133655548096,-1044.0,-76.0,16260.0,-584.0,-67.0,-237.0,16293.658643779181
37.04542827606201,-1132.0,-60.0,16452.0,-599.0,-89.0,-219.0,16491.007488931657
37.06887149810791,-1160.0,-96.0,16424.0,-573.0,-92.0,-224.0,16465.19334839406
37.09222674369812,-1224.0,12.0,16180.0,-603.0,-110.0,-217.0,16226.235546176445
37.11542582511902,-1252.0,24.0,16428.0,-600.0,-161.0,-246.0,16475.656709217998
37.138434171676636,-1180.0,-16.0,16348.0,-590.0,-132.0,-214.0,16390.538734282043
37.16150760650635,-1380.0,-188.0,16508.0,-640.0,11.0,-251.0,16566.64745807069
37.185250759124756,-1192.0,-28.0,16292.0,-620.0,-92.0,-235.0,16335.571982639603
37.20826745033264,-1156.0,-60.0,16396.0,-598.0,-61.0,-230.0,16436.81088289331
37.2305428981781,-1060.0,-76.0,16428.0,-627.0,-74.0,-226.0,16462.33762258568
37.25297546386719,-1084.0,48.0,16360.0,-616.0,-81.0,-206.0,16395.94340073178
37.27540969848633,-1176.0,-140.0,16340.0,-611.0,-80.0,-247.0,16382.86226518431
37.29815149307251,-1212.0,-96.0,16316.0,-611.0,-55.0,-236.0,16361.235161197335
37.321999073028564,-1132.0,-72.0,16296.0,-627.0,-7.0,-248.0,16335.428491472148
37.34425902366638,-1156.0,8.0,16408.0,-638.0,-23.0,-234.0,16448.673624338226
37.36836862564087,-1156.0,-64.0,16368.0,-622.0,-75.0,-238.0,16408.89563620904
37.3924617767334,-1148.0,-112.0,16228.0,-627.0,-66.0,-212.0,16268.940715363124
37.41480088233948,-1144.0,-56.0,16452.0,-635.0,-56.0,-225.0,16491.82148824077
37.43777513504028,-1256.0,60.0,16396.0,-571.0,-100.0,-252.0,16444.14643573816
37.46075987815857,-1136.0,-68.0,16364.0,-617.0,-97.0,-239.0,16403.524499326355
37.48851799964905,-1152.0,-88.0,16352.0,-588.0,-104.0,-241.0,16392.765233480288
37.5113525390625,-1184.0,-100.0,16468.0,-588.0,-120.0,-231.0,16510.811003703
37.53407549858093,-1224.0,-144.0,16352.0,-572.0,-148.0,-215.0,16398.37845642062
37.556992053985596,-908.0,-60.0,16100.0,-729.0,224.0,-240.0,16125.6957679351
37.57933449745178,-1240.0,-72.0,16444.0,-645.0,-31.0,-249.0,16490.84351996586
37.602731704711914,-1184.0,24.0,16376.0,-607.0,-72.0,-219.0,16418.76389987992
37.62613773345947,-1132.0,-20.0,16400.0,-611.0,-74.0,-239.0,16439.033548235126
37.64931607246399,-1216.0,-80.0,16384.0,-619.0,-77.0,-226.0,16429.25780429536
37.67239212989807,-1224.0,-20.0,16416.0,-626.0,-92.0,-246.0,16461.580483052046
37.69498324394226,-1200.0,20.0,16296.0,-663.0,-58.0,-238.0,16340.135127960233
37.71788287162781,-1176.0,-32.0,16356.0,-629.0,-14.0,-226.0,16398.254053404587
37.7403564453125,-1100.0,-92.0,16328.0,-646.0,33.0,-259.0,16365.26956698239
37.762797355651855,-1220.0,-60.0,16372.0,-656.0,37.0,-252.0,16417.502367899935
37.785531520843506,-1164.0,-56.0,16284.0,-666.0,126.0,-232.0,16325.645102108523
37.808642625808716,-1140.0,68.0,16196.0,-622.0,-35.0,-229.0,16236.21384436655
37.8322970867157,-1208.0,-80.0,16524.0,-649.0,-62.0,-240.0,16568.29019543055
37.85545992851257,-1176.0,12.0,16176.0,-608.0,-52.0,-264.0,16218.695878522416
37.878650188446045,-1268.0,-68.0,16176.0,-602.0,-96.0,-238.0,16225.764203882663
37.90224504470825,-1152.0,-92.0,16340.0,-626.0,-39.0,-210.0,16380.817073638298
37.92582869529724,-1108.0,-28.0,16328.0,-627.0,-71.0,-215.0,16365.574600361577
37.9491708278656,-1216.0,8.0,16536.0,-659.0,-67.0,-237.0,16580.6518569084
37.972193479537964,-1176.0,-68.0,16440.0,-617.0,-75.0,-229.0,16482.147918278126
37.995280504226685,-1152.0,-88.0,16344.0,-585.0,-152.0,-227.0,16384.78513743772
38.0188946723938,-1180.0,-104.0,16372.0,-556.0,-184.0,-220.0,16414.798201622827
38.042426109313965,-1092.0,-72.0,16348.0,-643.0,-23.0,-244.0,16384.588856605467
38.06611347198486,-1272.0,24.0,16356.0,-620.0,-100.0,-240.0,16405.404475355066
38.089714765548706,-1120.0,-100.0,16328.0,-613.0,-83.0,-249.0,16366.672966733342
38.11322832107544,-1240.0,-68.0,16276.0,-619.0,-61.0,-216.0,16323.30848817114
38.136085987091064,-1132.0,-40.0,16424.0,-619.0,-68.0,-246.0,16463.0130899541
38.1591272354126,-1200.0,-28.0,16444.0,-636.0,-81.0,-245.0,16487.750604615536
38.1818368434906,-1220.0,-72.0,16328.0,-610.0,-44.0,-213.0,16373.673014934677
38.20668172836304,-1156.0,-136.0,16516.0,-593.0,-94.0,-207.0,16556.964939263475
38.229875802993774,-1080.0,76.0,16528.0,-622.0,-52.0,-217.0,16563.422351675996
38.252662897109985,-1064.0,-44.0,16456.0,-668.0,-6.0,-247.0,16490.42049190984
38.27541399002075,-1132.0,-112.0,16296.0,-654.0,34.0,-252.0,16335.653767143818
38.299001932144165,-1276.0,16.0,16472.0,-625.0,-5.0,-230.0,16521.35636078346
38.32237935066223,-1340.0,-24.0,16424.0,-535.0,-312.0,-206.0,16478.590716441744
38.345460176467896,-1164.0,52.0,16392.0,-589.0,-133.0,-239.0,16433.358269081826
38.368491649627686,-1156.0,-128.0,16264.0,-608.0,-136.0,-238.0,16305.533293946568
38.39131498336792,-1112.0,-44.0,16348.0,-602.0,-105.0,-217.0,16385.83485819383
38.41394233703613,-1184.0,16.0,16420.0,-616.0,-116.0,-219.0,16462.639885510464
38.43701434135437,-1164.0,52.0,16184.0,-587.0,-148.0,-218.0,16225.888450251345
38.46029996871948,-1120.0,-28.0,16228.0,-591.0,-158.0,-238.0,16266.627431646672
38.482651233673096,-1176.0,16.0,16308.0,-581.0,-100.0,-242.0,16350.354613891406
38.5059609413147,-1176.0,-72.0,16304.0,-619.0,-57.0,-224.0,16346.515714365554
38.52870988845825,-1208.0,88.0,16460.0,-607.0,-79.0,-230.0,16504.502658365687
38.55205702781677,-1236.0,-176.0,16524.0,-640.0,-17.0,-221.0,16571.096765151062
38.57555079460144,-1176.0,-8.0,16344.0,-615.0,-121.0,-244.0,16386.25570409543
38.598936796188354,-1128.0,-88.0,16220.0,-599.0,-58.0,-248.0,16259.413519558448
38.62147283554077,-1092.0,-172.0,16308.0,-605.0,-63.0,-218.0,16345.424803289758
38.64453482627869,-1184.0,-24.0,16308.0,-624.0,-55.0,-241.0,16350.941746578392
38.66674852371216,-1184.0,-36.0,16428.0,-646.0,-9.0,-226.0,16470.650746099866
38.689258098602295,-1192.0,-40.0,16332.0,-654.0,-43.0,-233.0,16375.490465937195
38.7119038105011,-1136.0,-80.0,16316.0,-621.0,-72.0,-249.0,16355.69478805471
38.734760999679565,-1232.0,-12.0,16412.0,-607.0,-32.0,-243.0,16458.18070140196
38.757107734680176,-1280.0,-80.0,16444.0,-619.0,-54.0,-229.0,16493.936340364602
38.779176473617554,-1168.0,-24.0,16320.0,-593.0,-150.0,-219.0,16361.760296496217
38.802263498306274,-1200.0,-48.0,16356.0,-579.0,-124.0,-232.0,16400.031707286424
38.82551598548889,-1068.0,-28.0,16416.0,-592.0,-104.0,-229.0,16450.728372932306
38.84972167015076,-1080.0,-40.0,16316.0,-580.0,-128.0,-231.0,16351.753912042586
38.87280035018921,-1132.0,76.0,16148.0,-759.0,283.0,-256.0,16187.807263493101
38.896228075027466,-1136.0,8.0,16308.0,-626.0,-48.0,-224.0,16347.520423599415
38.91982173919678,-1204.0,-32.0,16220.0,-633.0,-60.0,-236.0,16264.656159906977
38.94473052024841,-1192.0,-96.0,16288.0,-641.0,-23.0,-226.0,16331.840802554989
38.968360900878906,-1224.0,-64.0,16276.0,-623.0,-71.0,-206.0,16322.084670776585
38.99267506599426,-1160.0,-112.0,16460.0,-633.0,-56.0,-221.0,16501.204319685276
39.01629304885864,-1228.0,-84.0,16236.0,-625.0,-8.0,-238.0,16282.589965972858
39.03944969177246,-1116.0,-72.0,16360.0,-638.0,-58.0,-241.0,16398.177947564785
39.06299376487732,-1176.0,-112.0,16484.0,-638.0,-54.0,-228.0,16526.275321438887
39.08841276168823,-1176.0,4.0,16412.0,-600.0,-99.0,-222.0,16454.07961570625
39.111273765563965,-1188.0,12.0,16504.0,-580.0,-132.0,-231.0,16546.706741826303
39.134084939956665,-1012.0,-60.0,16272.0,-636.0,-15.0,-201.0,16303.54955216808
39.15670156478882,-1244.0,12.0,16404.0,-598.0,-54.0,-223.0,16451.106224202675
39.17931771278381,-1148.0,-60.0,16468.0,-628.0,-89.0,-235.0,16508.074630313495
39.20215320587158,-1176.0,-92.0,16304.0,-627.0,-60.0,-249.0,16346.616041248415
39.226080894470215,-1156.0,-84.0,16536.0,-633.0,-94.0,-220.0,16576.570453504548
39.248497009277344,-1160.0,-64.0,16360.0,-630.0,-70.0,-242.0,16401.1980050239
39.27099609375,-1216.0,-72.0,16376.0,-623.0,8.0,-225.0,16421.24282750852
39.294801235198975,-1216.0,-52.0,16272.0,-637.0,-7.0,-229.0,16317.45519374881
39.3179829120636,-1320.0,4.0,16400.0,-613.0,-110.0,-236.0,16453.0366801998
39.34126019477844,-1140.0,28.0,16424.0,-589.0,-166.0,-205.0,16463.540324000787
39.364603996276855,-1016.0,-52.0,16324.0,-622.0,-63.0,-233.0,16355.66984259587
39.38911962509155,-1104.0,-124.0,16532.0,-627.0,-44.0,-234.0,16569.28531953023
39.41226077079773,-1140.0,0.0,16432.0,-628.0,-14.0,-207.0,16471.49732113022
39.43504524230957,-1068.0,-44.0,16464.0,-694.0,95.0,-241.0,16498.662248800658
39.4577693939209,-776.0,104.0,16160.0,-621.0,-50.0,-229.0,16178.955219667307
39.48030471801758,-1148.0,-72.0,16320.0,-618.0,-50.0,-255.0,16360.48556736627
39.503154277801514,-1216.0,-16.0,16376.0,-634.0,-63.0,-245.0,16421.09277727886
39.52588415145874,-1228.0,124.0,16316.0,-622.0,-35.0,-222.0,16362.616416698156
39.54915714263916,-1140.0,-36.0,16268.0,-620.0,-43.0,-243.0,16307.934265258737
39.57286024093628,-1208.0,0.0,16468.0,-624.0,-70.0,-240.0,16512.246606685596
39.59695625305176,-1092.0,-92.0,16268.0,-627.0,-72.0,-219.0,16304.868966048149
39.6202175617218,-1072.0,-28.0,16400.0,-609.0,-87.0,-243.0,16435.022604182814
39.643221378326416,-1208.0,-68.0,16360.0,-623.0,-63.0,-236.0,16404.67884476865
39.665958881378174,-1132.0,-84.0,16400.0,-621.0,-85.0,-238.0,16439.235991979676
39.688764810562134,-1100.0,-136.0,16476.0,-590.0,-71.0,-239.0,16513.239294578154
39.71124339103699,-1192.0,8.0,16356.0,-644.0,-101.0,-226.0,16399.379988280045
39.7349112033844,-1180.0,-92.0,16324.0,-598.0,-122.0,-231.0,16366.851865890398
39.757235050201416,-1152.0,-52.0,16428.0,-605.0,-118.0,-226.0,16468.42408975431
39.77929997444153,-1140.0,32.0,16396.0,-612.0,-112.0,-235.0,16435.61498697265
39.803717851638794,-1220.0,-80.0,16456.0,-603.0,-132.0,-242.0,16501.355580678817
39.827595472335815,-1140.0,-64.0,16340.0,-615.0,-128.0,-230.0,16379.844199503243
39.85162425041199,-1108.0,32.0,16288.0,-603.0,-107.0,-243.0,16325.674013651014
39.87478518486023,-1132.0,0.0,16312.0,-669.0,17.0,-243.0,16351.231390938116
39.899147033691406,-1148.0,-8.0,16332.0,-602.0,-114.0,-248.0,16372.299533052772
39.92416477203369,-1052.0,-108.0,16292.0,-616.0,-75.0,-222.0,16326.286534297993
39.948272466659546,-1212.0,-116.0,16416.0,-612.0,-83.0,-242.0,16461.089149870975
39.970303773880005,-1216.0,-88.0,16524.0,-603.0,-75.0,-237.0,16568.91595729787
39.99254488945007,-1148.0,-92.0,16404.0,-601.0,-71.0,-225.0,16444.37849236024
40.01456880569458,-1120.0,-120.0,16444.0,-595.0,-66.0,-248.0,16482.534271161094
40.03750443458557,-1128.0,-96.0,16404.0,-622.0,-59.0,-232.0,16443.01724137027
40.05968379974365,-1136.0,-108.0,16412.0,-600.0,-86.0,-229.0,16451.623141805794
40.08262372016907,-1260.0,-84.0,16436.0,-615.0,-74.0,-218.0,16484.439693237982
40.104674100875854,-1184.0,-32.0,16428.0,-607.0,-66.0,-225.0,16470.642488986276
40.127453327178955,-1084.0,-136.0,16300.0,-611.0,-83.0,-213.0,16336.57099883571
40.15072321891785,-1188.0,-60.0,16436.0,-622.0,-82.0,-245.0,16478.987832995084
40.17307090759277,-1216.0,-120.0,16428.0,-619.0,-69.0,-224.0,16473.379738232226
40.19480109214783,-1068.0,-76.0,16316.0,-644.0,-57.0,-234.0,16351.093419095861
40.219707012176514,-1084.0,-40.0,16292.0,-595.0,-22.0,-244.0,16328.071533405284
40.242820024490356,-1172.0,-8.0,16304.0,-649.0,-9.0,-237.0,16346.071821694655
40.26601696014404,-1192.0,-48.0,16372.0,-643.0,-25.0,-230.0,16415.40593467003
40.28871822357178,-1140.0,-108.0,16412.0,-627.0,-29.0,-225.0,16451.899829502974
40.31173610687256,-1200.0,-32.0,16384.0,-618.0,-61.0,-222.0,16427.917701279126
40.334144830703735,-1312.0,-12.0,16576.0,-648.0,-56.0,-222.0,16627.846042106597
40.35710334777832,-1160.0,-80.0,16344.0,-629.0,-35.0,-246.0,16385.308541495335
40.38054370880127,-1244.0,-72.0,16372.0,-620.0,-70.0,-226.0,16419.35150972778
40.403520584106445,-1152.0,-56.0,16380.0,-613.0,-84.0,-230.0,16420.555410825786
40.42708444595337,-1168.0,0.0,16400.0,-648.0,-65.0,-237.0,16441.5395872771
40.44996428489685,-1148.0,8.0,16408.0,-613.0,-79.0,-237.0,16448.113326457842
40.47342276573181,-1092.0,-124.0,16360.0,-615.0,-33.0,-228.0,16396.872872593725
40.49640369415283,-1220.0,-124.0,16332.0,-613.0,-79.0,-236.0,16377.973012555614
40.519694328308105,-1144.0,-112.0,16448.0,-628.0,-79.0,-225.0,16488.116447914843
40.543434858322144,-1144.0,-80.0,16428.0,-604.0,-82.0,-228.0,16467.978625198662
40.56651759147644,-1180.0,-120.0,16408.0,-619.0,-96.0,-210.0,16450.813475326988
40.5901083946228,-1068.0,-152.0,16432.0,-624.0,-99.0,-230.0,16467.372346552438
40.61261868476868,-1184.0,-184.0,16288.0,-649.0,-76.0,-212.0,16332.01322556408
40.63449239730835,-1148.0,-104.0,16344.0,-602.0,-119.0,-203.0,16384.598133613166
40.65639138221741,-1132.0,-48.0,16428.0,-599.0,-115.0,-229.0,16467.024989353722
40.67833495140076,-1268.0,-28.0,16380.0,-633.0,-99.0,-223.0,16429.029429640694
40.701353549957275,-1252.0,-36.0,16204.0,-620.0,-126.0,-219.0,16252.335709060406
40.72354221343994,-1380.0,-20.0,16576.0,-585.0,-177.0,-237.0,16633.357327972004
40.74528670310974,-996.0,-40.0,16356.0,-605.0,-25.0,-235.0,16386.346511654145
40.76733422279358,-1164.0,-20.0,16284.0,-616.0,-93.0,-244.0,16325.56130734867
40.78937220573425,-1192.0,-32.0,16312.0,-602.0,-46.0,-223.0,16355.526038620708
40.81372404098511,-1140.0,4.0,16368.0,-619.0,-78.0,-237.0,16407.651873440027
40.83762264251709,-1172.0,-44.0,16224.0,-602.0,-80.0,-242.0,16266.336280797837
40.86047601699829,-1148.0,-92.0,16352.0,-600.0,-72.0,-254.0,16392.506580752073
40.88294339179993,-1156.0,-24.0,16280.0,-617.0,-64.0,-241.0,16321.008302185255
40.90546107292175,-1168.0,-68.0,16312.0,-617.0,-59.0,-226.0,16353.904487919697
40.92829179763794,-1168.0,-16.0,16380.0,-619.0,-71.0,-247.0,16421.597973400763
40.95110774040222,-1212.0,-96.0,16428.0,-622.0,-80.0,-259.0,16472.927608655362
40.97327637672424,-1188.0,0.0,16368.0,-627.0,-82.0,-242.0,16411.05627313489
40.995598554611206,-1172.0,-20.0,16460.0,-606.0,-96.0,-213.0,16501.68427767299
41.01831865310669,-1232.0,32.0,16380.0,-597.0,-71.0,-239.0,16426.297452560633
41.04092359542847,-1092.0,-80.0,16336.0,-607.0,-74.0,-231.0,16372.652808876148
41.06342124938965,-1176.0,12.0,16392.0,-616.0,-34.0,-256.0,16434.13472014879
41.086106300354004,-1180.0,-48.0,16444.0,-603.0,-48.0,-242.0,16486.353144343353
41.10799527168274,-1188.0,-40.0,16352.0,-645.0,1.0,-258.0,16395.147086866895
41.13054943084717,-1132.0,-152.0,16296.0,-638.0,3.0,-224.0,16335.976983333443
41.15308952331543,-1096.0,-184.0,16296.0,-626.0,10.0,-233.0,16333.850984994322
41.17552161216736,-1296.0,-112.0,16612.0,-498.0,-386.0,-237.0,16662.854017244466
41.19773864746094,-1140.0,-108.0,16356.0,-597.0,-123.0,-234.0,16396.03610632765
41.22026801109314,-1148.0,-164.0,16452.0,-581.0,-83.0,-234.0,16492.81977103976
41.243293046951294,-1180.0,52.0,16340.0,-616.0,-67.0,-262.0,16382.634220417667
41.26512002944946,-1216.0,-152.0,16244.0,-594.0,-34.0,-227.0,16290.15948356553
41.2869656085968,-1236.0,16.0,16344.0,-606.0,-76.0,-231.0,16390.67686216771
41.31000804901123,-1208.0,-64.0,16448.0,-605.0,-69.0,-246.0,16492.424442755528
41.33231472969055,-1164.0,20.0,16332.0,-614.0,-62.0,-260.0,16373.439467625609
41.3543267250061,-1144.0,-44.0,16376.0,-621.0,-94.0,-238.0,16415.969298216904
41.37702035903931,-1108.0,48.0,16328.0,-610.0,-91.0,-231.0,16365.621039239544
41.39908576011658,-1156.0,36.0,16412.0,-610.0,-99.0,-240.0,16452.701176402614
41.42169380187988,-1268.0,-52.0,16528.0,-612.0,-50.0,-236.0,16576.64960117092
41.4438362121582,-1100.0,-52.0,16368.0,-633.0,-50.0,-209.0,16405.003139286502
41.466373682022095,-1116.0,-92.0,16436.0,-613.0,-70.0,-211.0,16474.101371546796
41.48813319206238,-1132.0,-80.0,16484.0,-593.0,-99.0,-221.0,16523.016673719118
41.51019740104675,-1136.0,-40.0,16276.0,-587.0,-142.0,-217.0,16315.645007170266
41.53219509124756,-1164.0,-128.0,16440.0,-591.0,-127.0,-223.0,16481.65282973768
41.55442261695862,-1192.0,-4.0,16328.0,-608.0,-119.0,-247.0,16371.452715015856
41.576592445373535,-1100.0,8.0,16280.0,-655.0,-23.0,-219.0,16317.121805024317
41.5985951423645,-1116.0,-32.0,16368.0,-617.0,-98.0,-231.0,16406.032549035128
41.620561838150024,-1168.0,-28.0,16420.0,-611.0,-82.0,-206.0,16461.512931684014
41.643187284469604,-1256.0,-8.0,16404.0,-631.0,-80.0,-224.0,16452.015560410826
41.66530466079712,-1100.0,-4.0,16428.0,-631.0,-70.0,-222.0,16464.786667309116
41.687015771865845,-1140.0,-72.0,16376.0,-624.0,-76.0,-228.0,16415.789959669928
41.7086820602417,-1156.0,-100.0,16432.0,-598.0,-45.0,-233.0,16472.915953163847
41.73060059547424,-1296.0,-64.0,16252.0,-642.0,-56.0,-238.0,16303.717858206453
41.75259232521057,-1136.0,-16.0,16288.0,-621.0,-46.0,-229.0,16327.574712736732
41.7747106552124,-1124.0,-108.0,16360.0,-630.0,-52.0,-259.0,16398.921915784587
41.797977924346924,-1208.0,36.0,16332.0,-623.0,-39.0,-229.0,16376.65362642808
41.81991958618164,-1164.0,-68.0,16328.0,-639.0,-58.0,-237.0,16369.578614002256
41.842591285705566,-1132.0,-120.0,16328.0,-623.0,-77.0,-232.0,16367.632938210705
41.86485457420349,-1184.0,16.0,16440.0,-616.0,-121.0,-247.0,16482.58814628334
41.887245178222656,-1060.0,-36.0,16320.0,-638.0,-67.0,-247.0,16354.427412783365
41.911036252975464,-1188.0,-32.0,16436.0,-609.0,-83.0,-222.0,16478.909672669488
41.934269428253174,-1108.0,-8.0,16464.0,-615.0,-64.0,-216.0,16501.243104687597
41.95690202713013,-1244.0,8.0,16452.0,-635.0,-19.0,-230.0,16498.96675552745
41.978867530822754,-1120.0,-92.0,16456.0,-637.0,-27.0,-247.0,16494.326297245367
42.00180196762085,-1080.0,-92.0,16464.0,-623.0,-55.0,-241.0,16499.641208220255
42.02514362335205,-1208.0,-164.0,16380.0,-652.0,-56.0,-243.0,16425.30243252769
42.04965829849243,-1188.0,-72.0,16452.0,-622.0,-54.0,-215.0,16494.99414974131
42.072977781295776,-1232.0,-68.0,16432.0,-599.0,-114.0,-227.0,16478.26058781691
42.09632635116577,-1172.0,-40.0,16432.0,-588.0,-104.0,-246.0,16473.79154900292
42.11913323402405,-1168.0,0.0,16288.0,-602.0,-113.0,-211.0,16329.824493851733
42.141417026519775,-1156.0,60.0,16408.0,-621.0,-58.0,-220.0,16448.78110985735
42.16383075714111,-1240.0,-4.0,16356.0,-646.0,3.0,-257.0,16402.93729793539
42.186338901519775,-1224.0,-24.0,16340.0,-667.0,4.0,-242.0,16385.797264704575
42.20853853225708,-1236.0,-24.0,16468.0,-540.0,-303.0,-217.0,16514.33607505915
42.233596324920654,-1232.0,-44.0,16296.0,-582.0,-131.0,-242.0,16342.563324032128
42.25775599479675,-1204.0,60.0,16416.0,-625.0,-94.0,-235.0,16460.202671899275
42.280282735824585,-1224.0,-56.0,16176.0,-618.0,-57.0,-251.0,16222.33916548412
42.30321526527405,-1096.0,-72.0,16340.0,-605.0,-84.0,-241.0,16376.873938575702
42.325875997543335,-1152.0,-84.0,16432.0,-606.0,-54.0,-219.0,16472.546372677178
42.34869432449341,-1204.0,-64.0,16348.0,-605.0,-71.0,-218.0,16392.401166394142
42.37124991416931,-1112.0,0.0,16412.0,-611.0,-59.0,-242.0,16449.628810401773
42.39304494857788,-1116.0,-52.0,16464.0,-616.0,-80.0,-230.0,16501.862197946026
42.415128231048584,-1124.0,-124.0,16372.0,-622.0,-65.0,-230.0,16411.006550483125
42.43706488609314,-1252.0,56.0,16436.0,-604.0,-65.0,-237.0,16483.711232607784
42.458972454071045,-1148.0,-112.0,16332.0,-632.0,-87.0,-236.0,16372.68066017291
42.48092579841614,-1052.0,-24.0,16264.0,-635.0,-25.0,-240.0,16298.005276720216
42.503066062927246,-1268.0,-72.0,16412.0,-572.0,-260.0,-222.0,16461.067766095857
42.52477431297302,-1032.0,-8.0,16316.0,-622.0,-89.0,-236.0,16348.606790794132
42.54746341705322,-1100.0,-76.0,16120.0,-610.0,-108.0,-226.0,16157.666168107324
42.56952095031738,-1180.0,-52.0,16312.0,-611.0,-97.0,-223.0,16354.707212298237
42.59121251106262,-1132.0,-8.0,16252.0,-605.0,-98.0,-243.0,16291.377842282094
42.61420297622681,-1108.0,-4.0,16424.0,-605.0,-130.0,-231.0,16461.332145364177
42.63728880882263,-1200.0,12.0,16396.0,-623.0,-43.0,-238.0,16439.858880172906
42.65963268280029,-1108.0,-32.0,16412.0,-624.0,-28.0,-270.0,16449.390019085815
42.68251061439514,-1136.0,-152.0,16424.0,-605.0,-82.0,-218.0,16463.941690858846
42.70409417152405,-1232.0,-116.0,16456.0,-616.0,-119.0,-230.0,16502.460907391964
42.72565317153931,-1188.0,-44.0,16344.0,-591.0,-132.0,-236.0,16387.1784026415
42.747722864151,-1124.0,-4.0,16376.0,-642.0,-55.0,-241.0,16414.5291738752
42.76947617530823,-1208.0,-64.0,16592.0,-623.0,-96.0,-246.0,16636.03991339285
42.79103136062622,-1132.0,-64.0,16516.0,-615.0,-93.0,-225.0,16554.871669692882
42.81456017494202,-1044.0,-88.0,16276.0,-617.0,-11.0,-239.0,16309.685956510628
42.83694529533386,-1184.0,-40.0,16328.0,-633.0,-62.0,-236.0,16370.920560554925
42.85927200317383,-1080.0,-68.0,16284.0,-623.0,-68.0,-228.0,16319.916666453906
42.881810426712036,-1200.0,-100.0,16460.0,-634.0,-40.0,-241.0,16503.987396989854
42.90506172180176,-1068.0,12.0,16436.0,-617.0,-55.0,-245.0,16470.66677460266
42.92715764045715,-1076.0,84.0,16328.0,-618.0,-70.0,-207.0,16363.630892928379
42.94902944564819,-1152.0,-20.0,16468.0,-608.0,-33.0,-248.0,16508.256358561917
42.973506927490234,-1164.0,-76.0,16392.0,-604.0,-78.0,-250.0,16433.451737234027
42.9974365234375,-1164.0,44.0,16304.0,-648.0,39.0,-234.0,16345.557439255475
43.0204119682312,-1196.0,-84.0,16564.0,-581.0,-139.0,-211.0,16607.334765097017
43.042778730392456,-1260.0,108.0,16444.0,-620.0,-67.0,-215.0,16492.555896524955
43.065470933914185,-1240.0,-4.0,16468.0,-621.0,-33.0,-226.0,16514.61897834764
43.08820939064026,-1252.0,-92.0,16396.0,-615.0,-52.0,-262.0,16443.989297004544
43.11037302017212,-1240.0,-96.0,16328.0,-623.0,-43.0,-241.0,16375.2984705623
43.13263916969299,-1228.0,-116.0,16428.0,-621.0,-27.0,-222.0,16474.24122683652
43.15779089927673,-1240.0,-56.0,16264.0,-633.0,-56.0,-238.0,16311.297679829157
43.18096685409546,-1108.0,-32.0,16336.0,-607.0,-81.0,-221.0,16373.56357058536
43.2041220664978,-1108.0,16.0,16340.0,-623.0,-32.0,-248.0,16377.530949444119
43.226500511169434,-1200.0,-48.0,16376.0,-600.0,-80.0,-225.0,16419.978075503026
43.249029874801636,-1108.0,-116.0,16284.0,-600.0,-110.0,-238.0,16322.064085157857
43.270813941955566,-1152.0,-76.0,16396.0,-626.0,-67.0,-232.0,16436.596241314684
43.29282569885254,-1200.0,-56.0,16372.0,-627.0,-72.0,-243.0,16416.014132547523
43.31490159034729,-1156.0,-48.0,16304.0,-569.0,-122.0,-233.0,16345.000948302206
43.33756232261658,-1208.0,44.0,16400.0,-557.0,-211.0,-213.0,16444.48843837959
43.360204458236694,-1348.0,-148.0,16568.0,-646.0,-32.0,-240.0,16623.40614916209
43.382261991500854,-1172.0,-80.0,16484.0,-647.0,-61.0,-228.0,16525.805275386734
43.40396475791931,-1192.0,20.0,16344.0,-626.0,-77.0,-236.0,16387.42200591661
43.42653465270996,-1180.0,12.0,16300.0,-631.0,-26.0,-226.0,16342.660248564185
43.44866871833801,-1192.0,-4.0,16316.0,-611.0,-85.0,-220.0,16359.48458845816
43.47024488449097,-1228.0,-12.0,16288.0,-603.0,-82.0,-227.0,16334.230070621634
43.492449045181274,-1104.0,-80.0,16432.0,-619.0,-63.0,-233.0,16469.23920525778
43.51423716545105,-1120.0,-48.0,16364.0,-583.0,-83.0,-244.0,16402.353489667268
43.53685927391052,-1156.0,-148.0,16364.0,-619.0,-90.0,-226.0,16405.448363272488
43.559428453445435,-1128.0,24.0,16300.0,-617.0,-79.0,-208.0,16339.00119346345
43.581724643707275,-1080.0,-120.0,16384.0,-594.0,-86.0,-214.0,16419.995615102947
43.60345768928528,-1224.0,-92.0,16456.0,-600.0,-35.0,-218.0,16501.714335183482
43.62523555755615,-1168.0,-80.0,16368.0,-604.0,-118.0,-233.0,16409.81559920769
43.64772415161133,-1068.0,-120.0,16364.0,-638.0,-53.0,-252.0,16399.253641553325
43.66939640045166,-1220.0,8.0,16312.0,-612.0,-107.0,-239.0,16357.561187414216
43.69146370887756,-1200.0,-120.0,16436.0,-622.0,-105.0,-230.0,16480.184950418487
43.713212728500366,-1192.0,-32.0,16404.0,-627.0,-38.0,-228.0,16447.282571902266
43.735161781311035,-1256.0,-32.0,16356.0,-624.0,-66.0,-239.0,16404.185319606702
43.75716757774353,-1184.0,-36.0,16260.0,-628.0,-56.0,-218.0,16303.090259211594
43.77846956253052,-1264.0,-12.0,16412.0,-636.0,-48.0,-233.0,16460.60703619402
43.800150871276855,-1172.0,-52.0,16384.0,-612.0,-53.0,-233.0,16425.947278619886
43.82292866706848,-1148.0,36.0,16316.0,-651.0,-41.0,-242.0,16356.37661586453
43.84486246109009,-1168.0,-64.0,16464.0,-630.0,-47.0,-243.0,16505.50259761877
43.8667414188385,-1056.0,-112.0,16412.0,-601.0,-76.0,-248.0,16446.319466677036
43.88900661468506,-1144.0,-112.0,16396.0,-618.0,-94.0,-242.0,16436.243366414357
43.911604166030884,-1068.0,-116.0,16324.0,-610.0,-99.0,-231.0,16359.31098793589
43.933552980422974,-1144.0,4.0,16516.0,-621.0,-99.0,-258.0,16555.573321392407
43.9553120136261,-1184.0,-8.0,16400.0,-594.0,-118.0,-244.0,16442.685911979224
43.97781229019165,-1144.0,-44.0,16276.0,-620.0,-1.0,-231.0,16316.214266796082
44.000755310058594,-1168.0,-76.0,16412.0,-615.0,-60.0,-246.0,16453.684815262506
44.0231077671051,-1184.0,-40.0,16324.0,-609.0,-60.0,-225.0,16366.931050138874
44.046629428863525,-1100.0,-12.0,16376.0,-593.0,-77.0,-238.0,16412.90711604742
44.06898856163025,-1276.0,-24.0,16396.0,-597.0,-80.0,-232.0,16445.59418202942
44.092525243759155,-1016.0,40.0,16196.0,-631.0,-33.0,-233.0,16227.88562937267
44.1172149181366,-1172.0,-12.0,16492.0,-627.0,-35.0,-235.0,16533.5958581308
44.139256715774536,-1148.0,-152.0,16416.0,-643.0,-35.0,-229.0,16456.793855426396
44.16140818595886,-1288.0,-104.0,16340.0,-637.0,1.0,-222.0,16391.014611670627
44.18434762954712,-1204.0,12.0,16292.0,-572.0,-139.0,-210.0,16336.43241347388
44.20665526390076,-1016.0,24.0,16320.0,-576.0,-115.0,-210.0,16351.612519870938
44.228280782699585,-1184.0,-76.0,16380.0,-623.0,-17.0,-241.0,16422.911800286816
44.25336742401123,-1244.0,-28.0,16396.0,-650.0,-60.0,-233.0,16443.14860359779
44.27642846107483,-1168.0,-68.0,16416.0,-670.0,19.0,-229.0,16457.6396849609
44.299139976501465,-1164.0,-164.0,16204.0,-591.0,-136.0,-221.0,16246.581425026005
44.322022676467896,-1232.0,-172.0,16328.0,-624.0,-71.0,-222.0,16375.316546558726
44.34463715553284,-1124.0,-40.0,16524.0,-615.0,-80.0,-239.0,16562.23269972983
44.36691236495972,-1188.0,-20.0,16388.0,-634.0,-41.0,-243.0,16431.016036751957
44.38866066932678,-1196.0,4.0,16348.0,-607.0,-50.0,-212.0,16391.691065902873
44.410491943359375,-1060.0,-96.0,16380.0,-619.0,-18.0,-225.0,16414.54282031638
44.43261528015137,-1120.0,-28.0,16444.0,-597.0,-113.0,-225.0,16482.12122270674
44.45458626747131,-1216.0,-112.0,16336.0,-624.0,-79.0,-250.0,16381.577945973337
44.47646689414978,-1172.0,4.0,16324.0,-585.0,-75.0,-222.0,16366.018941697459
44.499409914016724,-1228.0,-80.0,16552.0,-615.0,-129.0,-225.0,16597.683211822063
44.52233624458313,-1144.0,56.0,16456.0,-590.0,-154.0,-228.0,16495.811832098472
44.544087409973145,-1100.0,4.0,16368.0,-583.0,-110.0,-225.0,16404.92121285561
44.56600785255432,-1216.0,-108.0,16340.0,-639.0,-58.0,-225.0,16385.539966690143
44.58787393569946,-1128.0,8.0,16152.0,-642.0,-61.0,-231.0,16191.341883858793
44.60964632034302,-1216.0,-56.0,16340.0,-611.0,-79.0,-244.0,16385.279735176937
44.632567167282104,-1216.0,-88.0,16508.0,-609.0,-115.0,-233.0,16552.95937287348
44.65463638305664,-1216.0,-104.0,16272.0,-624.0,-10.0,-208.0,16317.703760027021
44.677916288375854,-1184.0,12.0,16364.0,-653.0,16.0,-216.0,16406.782012326486
44.70071315765381,-1132.0,-76.0,16320.0,-614.0,-64.0,-225.0,16359.388741637018
44.72705292701721,-1208.0,0.0,16404.0,-619.0,-108.0,-228.0,16448.4187689881
44.748286962509155,-1216.0,-16.0,16412.0,-619.0,-101.0,-229.0,16456.994136232777
44.77113389968872,-1188.0,-152.0,16312.0,-618.0,-92.0,-212.0,16355.910002197983
44.7934091091156,-1192.0,-132.0,16316.0,-608.0,-59.0,-224.0,16360.016625908422
44.820271492004395,-1084.0,-16.0,16340.0,-602.0,-82.0,-238.0,16375.924767780292
44.84209418296814,-1200.0,-8.0,16212.0,-630.0,-74.0,-237.0,16256.352850501247
44.86450004577637,-1060.0,-100.0,16436.0,-616.0,-24.0,-229.0,16470.44917420287
44.88664507865906,-1184.0,-84.0,16304.0,-616.0,-40.0,-230.0,16347.150455048733
44.90912961959839,-1232.0,16.0,16352.0,-631.0,-41.0,-252.0,16398.353088039054
44.93079233169556,-1264.0,-100.0,16368.0,-611.0,-47.0,-209.0,16417.037491581726
44.95255255699158,-1132.0,-108.0,16288.0,-649.0,-28.0,-253.0,16327.646248005252
44.974031925201416,-1092.0,-88.0,16460.0,-617.0,-61.0,-250.0,16496.4180354403
44.996925354003906,-1092.0,-112.0,16316.0,-622.0,-119.0,-232.0,16352.885494615315
45.01943492889404,-1116.0,16.0,16368.0,-635.0,-89.0,-240.0,16406.009142993917
45.04155254364014,-1204.0,-116.0,16404.0,-618.0,-53.0,-222.0,16448.534524388488
45.06397986412048,-1172.0,-68.0,16396.0,-628.0,-85.0,-229.0,16437.975057773994
45.086710929870605,-1112.0,-24.0,16408.0,-610.0,-110.0,-237.0,16445.65547492711
45.108195543289185,-1180.0,-40.0,16336.0,-639.0,-97.0,-230.0,16378.61093011248
45.1299889087677,-1232.0,-52.0,16440.0,-610.0,-117.0,-218.0,16486.1799092452
45.15158271789551,-1152.0,-48.0,16424.0,-567.0,-163.0,-252.0,16464.421763305265
45.17387509346008,-1048.0,-80.0,16092.0,-664.0,63.0,-236.0,16126.288103590361
45.19553732872009,-1300.0,-132.0,16396.0,-622.0,-133.0,-217.0,16447.985894935588
45.21717023849487,-1140.0,4.0,16344.0,-625.0,-86.0,-251.0,16383.709958370235
45.23977065086365,-1188.0,-44.0,16388.0,-621.0,-58.0,-223.0,16431.062777556417
45.26129198074341,-1208.0,-56.0,16396.0,-601.0,-87.0,-224.0,16440.535757693542
45.283018589019775,-1208.0,-104.0,16412.0,-614.0,-83.0,-228.0,16456.72579828685
45.30540204048157,-1164.0,-44.0,16472.0,-620.0,-46.0,-222.0,16513.134650937718
45.32737469673157,-1092.0,-80.0,16412.0,-609.0,-68.0,-222.0,16448.483455929912
45.35163688659668,-1200.0,-92.0,16336.0,-616.0,-62.0,-227.0,16380.27350199013
45.374752044677734,-1196.0,-52.0,16308.0,-598.0,-104.0,-228.0,16351.88013654699
45.39731502532959,-1192.0,-24.0,16408.0,-625.0,-59.0,-230.0,16451.25843210786
45.41923928260803,-1204.0,20.0,16440.0,-617.0,-60.0,-240.0,16484.041252071653
45.44098210334778,-1208.0,-56.0,16512.0,-598.0,-53.0,-239.0,16556.22372402596
45.46284222602844,-1284.0,16.0,16292.0,-628.0,-43.0,-245.0,16342.526610044115
45.484556913375854,-1092.0,-40.0,16468.0,-610.0,-83.0,-227.0,16504.214249699984
45.50637078285217,-1040.0,-12.0,16520.0,-605.0,-71.0,-244.0,16552.70805638763
45.528878927230835,-1248.0,-68.0,16312.0,-649.0,-28.0,-236.0,16359.812712864412
45.55136251449585,-1124.0,-84.0,16348.0,-632.0,-69.0,-243.0,16386.809817655176
45.573285818099976,-1172.0,-76.0,16260.0,-627.0,-75.0,-225.0,16302.360565267842
45.59471654891968,-1128.0,-108.0,16392.0,-598.0,-40.0,-241.0,16431.120229613072
45.616528034210205,-1224.0,-8.0,16556.0,-611.0,-55.0,-228.0,16601.18598173034
45.638171672821045,-1120.0,-48.0,16316.0,-625.0,-118.0,-224.0,16354.466056707568
45.659990072250366,-1148.0,-12.0,16160.0,-629.0,-50.0,-243.0,16200.729860101983
45.68192720413208,-1124.0,52.0,16220.0,-632.0,-75.0,-228.0,16258.981517918028
45.703726291656494,-1184.0,-4.0,16424.0,-623.0,-72.0,-216.0,16466.622240155993
45.72560501098633,-1156.0,-80.0,16448.0,-629.0,-43.0,-230.0,16488.767085503998
45.74623417854309,-1144.0,-16.0,16392.0,-625.0,-68.0,-231.0,16431.87925953693
45.76728343963623,-1120.0,48.0,16372.0,-623.0,-19.0,-249.0,16410.33479244101
45.78825402259827,-1264.0,-16.0,16368.0,-637.0,-9.0,-240.0,16416.740724029238
45.81528663635254,-1176.0,-64.0,16424.0,-617.0,-96.0,-226.0,16466.172840098578
45.83840298652649,-1148.0,-68.0,16412.0,-621.0,-83.0,-245.0,16452.242157225865
45.85999608039856,-1248.0,32.0,16328.0,-619.0,-96.0,-229.0,16375.656078459879
45.88196015357971,-1188.0,-64.0,16336.0,-625.0,-67.0,-226.0,16379.265429194314
45.904019355773926,-1204.0,-8.0,16396.0,-610.0,-81.0,-229.0,16440.148904435144
45.92660975456238,-1232.0,44.0,16496.0,-620.0,-64.0,-224.0,16542.00036271309
45.948399782180786,-1252.0,-20.0,16444.0,-611.0,-86.0,-261.0,16491.605137159935
45.97039341926575,-1248.0,-60.0,16440.0,-651.0,-60.0,-237.0,16487.410469809987
45.99277186393738,-1176.0,-76.0,16336.0,-632.0,-43.0,-227.0,16378.45072038256
46.014352321624756,-1196.0,-120.0,16412.0,-624.0,-31.0,-215.0,16455.95819148797
46.03752303123474,-1152.0,20.0,16460.0,-642.0,-81.0,-240.0,16500.27587648158
46.05999302864075,-1044.0,-56.0,16248.0,-621.0,-52.0,-231.0,16281.60237814448
46.081798791885376,-1156.0,-96.0,16444.0,-634.0,-88.0,-234.0,16484.862389477203
46.103764057159424,-1252.0,-56.0,16408.0,-618.0,-55.0,-239.0,16455.792414830714
46.12571859359741,-1160.0,-60.0,16408.0,-626.0,-68.0,-241.0,16449.062708859736
46.14789795875549,-1160.0,-152.0,16324.0,-614.0,-75.0,-227.0,16365.8693627928
46.16986608505249,-1188.0,-44.0,16420.0,-592.0,-97.0,-230.0,16462.9790742745
46.1918511390686,-1184.0,-4.0,16440.0,-618.0,-59.0,-251.0,16482.580865871703
46.21435022354126,-1036.0,-44.0,16340.0,-640.0,-69.0,-220.0,16372.868777340153
46.237000942230225,-1132.0,-72.0,16512.0,-616.0,-74.0,-242.0,16550.913932469106
46.25908184051514,-1184.0,-60.0,16376.0,-626.0,-51.0,-239.0,16418.855989380016
46.284382820129395,-1164.0,-200.0,16408.0,-600.0,-73.0,-231.0,16450.451665531862
46.30667233467102,-996.0,104.0,16368.0,-381.0,-713.0,-203.0,16398.6053065497
46.32946825027466,-1308.0,72.0,16624.0,-566.0,-153.0,-246.0,16675.5336946078
46.35130786895752,-1256.0,-20.0,16464.0,-614.0,-69.0,-236.0,16511.85125901999
46.37345623970032,-1804.0,-248.0,16896.0,-717.0,226.0,-277.0,16993.844061894884
46.39809465408325,-1340.0,-128.0,16288.0,-631.0,-65.0,-229.0,16343.528627563877
46.42219066619873,-1268.0,28.0,16364.0,-615.0,-125.0,-233.0,16413.077225188455
46.446324586868286,-1188.0,52.0,16484.0,-435.0,-541.0,-193.0,16526.83587381444
46.47038149833679,-1200.0,-72.0,16384.0,-639.0,-75.0,-255.0,16428.044314525087
46.494802713394165,-1336.0,-92.0,16476.0,-604.0,-95.0,-231.0,16530.333813931284
46.518701791763306,-1108.0,-16.0,16368.0,-594.0,-113.0,-224.0,16405.46689369126
46.543694496154785,-1144.0,-20.0,16436.0,-622.0,-92.0,-245.0,16475.777128864058
46.56783390045166,-1184.0,-88.0,16264.0,-592.0,-82.0,-228.0,16307.277393850882
46.59166884422302,-1076.0,4.0,16500.0,-625.0,-91.0,-222.0,16535.04738426836
46.615724325180054,-1212.0,24.0,16468.0,-666.0,36.0,-226.0,16512.557161142548
46.63910961151123,-1068.0,-60.0,16316.0,-621.0,-72.0,-236.0,16351.026879067871
46.66428565979004,-1208.0,-136.0,16312.0,-595.0,-125.0,-210.0,16357.233996003113
46.68815040588379,-1036.0,72.0,16304.0,-579.0,-211.0,-227.0,16337.040613281219
46.71228623390198,-1172.0,-20.0,16376.0,-634.0,-23.0,-250.0,16417.89755114826
46.735496282577515,-1272.0,-140.0,16480.0,-599.0,-62.0,-210.0,16529.609311777458
46.759148836135864,-1248.0,-68.0,16516.0,-603.0,-109.0,-226.0,16563.22384078655
46.78215575218201,-1080.0,-32.0,16300.0,-643.0,-46.0,-240.0,16335.77130104361
46.806832790374756,-1200.0,-56.0,16452.0,-674.0,93.0,-260.0,16495.800677748262
46.832738637924194,-980.0,48.0,16232.0,-663.0,7.0,-239.0,16261.627470828373
46.857256174087524,-1068.0,-48.0,16248.0,-622.0,-45.0,-232.0,16283.133359399842
46.88242840766907,-1212.0,-44.0,16332.0,-642.0,-71.0,-238.0,16376.96870608233
46.90608263015747,-1156.0,52.0,16272.0,-629.0,-38.0,-217.0,16313.093636707907
46.93086242675781,-1068.0,24.0,16240.0,-611.0,-92.0,-249.0,16275.097541950401
46.95538806915283,-1208.0,-72.0,16312.0,-594.0,-107.0,-247.0,16356.827076178313
46.979819774627686,-1272.0,-56.0,16452.0,-630.0,-91.0,-228.0,16501.19462342045
47.004828691482544,-1200.0,12.0,16388.0,-586.0,-153.0,-219.0,16431.880233253894
47.02865719795227,-1224.0,-144.0,16388.0,-533.0,-273.0,-225.0,16434.276862703755
47.05280804634094,-1380.0,-140.0,16496.0,-586.0,-191.0,-240.0,16554.214448290804
47.07726263999939,-1364.0,-148.0,16400.0,-600.0,-90.0,-247.0,16457.290177912037
47.102017879486084,-1168.0,-72.0,16408.0,-608.0,-41.0,-248.0,16449.67695731439
47.12652373313904,-1252.0,-4.0,16500.0,-615.0,-37.0,-221.0,16547.432429232034
47.15292811393738,-1136.0,-28.0,16456.0,-623.0,-42.0,-233.0,16495.187661860655
47.177985191345215,-1128.0,-40.0,16280.0,-628.0,-29.0,-239.0,16319.080366246133
47.20327925682068,-1196.0,-80.0,16336.0,-672.0,108.0,-262.0,16379.91794851244
47.22691535949707,-840.0,-16.0,16128.0,-669.0,169.0,-249.0,16149.868110916572
47.25094485282898,-1160.0,-32.0,16176.0,-615.0,-50.0,-224.0,16217.570718205609
47.27524280548096,-1152.0,-68.0,16432.0,-628.0,-48.0,-218.0,16472.472552716546
47.29913783073425,-1152.0,-68.0,16384.0,-614.0,-95.0,-218.0,16424.590832042057
47.32336115837097,-1212.0,4.0,16288.0,-617.0,-75.0,-226.0,16333.03107203314
47.34791922569275,-1224.0,-56.0,16300.0,-611.0,-100.0,-247.0,16345.987642231961
47.371691942214966,-1172.0,-124.0,16300.0,-582.0,-145.0,-217.0,16342.550596525623
47.39578866958618,-1172.0,36.0,16368.0,-565.0,-175.0,-228.0,16409.945277178715
47.41978406906128,-1216.0,-104.0,16384.0,-609.0,-151.0,-229.0,16429.392198130765
47.44391226768494,-1224.0,-36.0,16496.0,-634.0,-73.0,-239.0,16541.387124422185
47.46765089035034,-1196.0,-120.0,16420.0,-621.0,-72.0,-233.0,16463.93683175443
47.492048263549805,-1196.0,-28.0,16180.0,-649.0,20.0,-245.0,16224.167158902179
47.51569414138794,-1096.0,60.0,16436.0,-651.0,14.0,-226.0,16472.610964871354
47.53957462310791,-1452.0,-100.0,16436.0,-559.0,-198.0,-215.0,16500.3151485055
47.56389355659485,-1268.0,-12.0,16268.0,-601.0,-103.0,-238.0,16317.346352884711
47.58859062194824,-1160.0,-8.0,16344.0,-615.0,-95.0,-225.0,16385.115196421415
47.61271595954895,-1172.0,-44.0,16376.0,-602.0,-84.0,-234.0,16417.944329300182
47.63752102851868,-1168.0,-24.0,16332.0,-613.0,-82.0,-244.0,16373.729691185206
47.66177248954773,-1144.0,-24.0,16288.0,-626.0,-78.0,-220.0,16328.143066497181
47.68547344207764,-1160.0,-92.0,16404.0,-601.0,-114.0,-238.0,16445.22058228469
47.709969997406006,-1164.0,-60.0,16352.0,-548.0,-232.0,-217.0,16393.48651141666
47.73522114753723,-1272.0,-12.0,16356.0,-671.0,53.0,-226.0,16405.391308956943
47.759796142578125,-1176.0,-44.0,16388.0,-643.0,-41.0,-253.0,16430.199511874467
47.78618001937866,-1196.0,4.0,16420.0,-630.0,-82.0,-243.0,16463.499992407447
47.810689210891724,-1136.0,-88.0,16384.0,-629.0,-43.0,-227.0,16423.57135339327
47.83470916748047,-1108.0,-84.0,16340.0,-657.0,3.0,-232.0,16377.738549628883
47.858580350875854,-1036.0,-76.0,16428.0,-677.0,36.0,-236.0,16460.809700619226
47.88261795043945,-1112.0,-4.0,16320.0,-718.0,151.0,-251.0,16357.840933326133
47.907238483428955,-1172.0,-76.0,16416.0,-657.0,-26.0,-221.0,16457.95904722089
47.931912899017334,-1288.0,-12.0,16276.0,-620.0,-104.0,-230.0,16326.887762216043
47.95587635040283,-1116.0,-92.0,16432.0,-601.0,-63.0,-237.0,16470.110625007957
47.980674028396606,-1144.0,-164.0,16456.0,-639.0,-69.0,-230.0,16496.53199918092
48.00476932525635,-1220.0,-4.0,16360.0,-612.0,-64.0,-224.0,16405.426419328454
48.02941942214966,-1196.0,-72.0,16424.0,-622.0,-35.0,-242.0,16467.646340628038
48.05366778373718,-1096.0,-132.0,16372.0,-587.0,-164.0,-219.0,16409.174994496218
48.078266859054565,-1236.0,-52.0,16284.0,-544.0,-249.0,-224.0,16330.923305190065
48.1025755405426,-1368.0,-192.0,16488.0,-583.0,-137.0,-231.0,16545.76779723443
48.126487731933594,-1248.0,-96.0,16464.0,-625.0,-80.0,-221.0,16511.511620684523
48.150824546813965,-1216.0,8.0,16472.0,-604.0,-89.0,-237.0,16516.82487647066
48.175108432769775,-1256.0,-24.0,16404.0,-633.0,-54.0,-238.0,16452.03112080694
48.198705196380615,-1136.0,8.0,16360.0,-642.0,-24.0,-253.0,16399.39511079601
48.22302842140198,-1208.0,-52.0,16332.0,-636.0,-15.0,-244.0,16376.696614396935
48.247342586517334,-1208.0,-76.0,16288.0,-618.0,-34.0,-236.0,16332.91106937156
48.27132821083069,-1292.0,-16.0,16356.0,-632.0,-41.0,-246.0,16406.957548552382
48.29567551612854,-1188.0,-136.0,16336.0,-624.0,-90.0,-232.0,16379.705003448627
48.32235074043274,-1328.0,76.0,16380.0,-648.0,-40.0,-252.0,16433.921017213146
48.34669780731201,-1092.0,-52.0,16296.0,-591.0,-97.0,-238.0,16332.62942700899
48.37039256095886,-1208.0,-76.0,16480.0,-628.0,-61.0,-233.0,16524.389247412444
48.394943714141846,-1236.0,-52.0,16288.0,-596.0,-69.0,-225.0,16334.911814882871
48.418917179107666,-1100.0,-164.0,16276.0,-569.0,-197.0,-207.0,16313.953291584477
48.44332838058472,-1144.0,0.0,16404.0,-572.0,-213.0,-198.0,16443.842373362742
48.46722340583801,-1200.0,-16.0,16252.0,-577.0,-162.0,-209.0,16296.249875354759
48.49139189720154,-1232.0,-8.0,16280.0,-604.0,-119.0,-245.0,16326.551626108925
48.516592025756836,-1104.0,-72.0,16460.0,-604.0,-79.0,-257.0,16497.139145924666
48.541128635406494,-1152.0,-24.0,16212.0,-642.0,-3.0,-230.0,16252.895865045097
48.56577754020691,-1176.0,-88.0,16288.0,-667.0,44.0,-224.0,16330.635750025165
48.591917276382446,-1180.0,-44.0,16428.0,-557.0,-170.0,-230.0,16470.38311636982
48.61595106124878,-1200.0,-32.0,16452.0,-580.0,-139.0,-226.0,16495.73666133162
48.63993763923645,-1164.0,-124.0,16452.0,-622.0,-85.0,-233.0,16493.591967791614
48.66363310813904,-1180.0,-48.0,16236.0,-601.0,-59.0,-217.0,16278.894311346825
48.68728256225586,-1220.0,8.0,16448.0,-604.0,-79.0,-227.0,16493.185501897442
48.71100926399231,-1120.0,44.0,16284.0,-609.0,-98.0,-216.0,16322.530196020469
48.73544359207153,-1348.0,-24.0,16384.0,-573.0,-125.0,-239.0,16439.377603790235
48.75917434692383,-1136.0,44.0,16388.0,-577.0,-188.0,-228.0,16427.384941006283
48.78371334075928,-1140.0,-80.0,16384.0,-616.0,-106.0,-229.0,16423.80759750917
48.808637857437134,-1160.0,-84.0,16344.0,-603.0,-131.0,-232.0,16385.328559415586
48.83365035057068,-1112.0,-68.0,16320.0,-609.0,-104.0,-234.0,16357.981782603867
48.85868167877197,-1096.0,-40.0,16252.0,-624.0,-111.0,-249.0,16288.963134589016
48.88333797454834,-1212.0,-16.0,16400.0,-613.0,-54.0,-231.0,16444.73167917312
48.909337282180786,-1104.0,-60.0,16324.0,-633.0,-39.0,-236.0,16361.399451147203
48.93344473838806,-1120.0,-32.0,16432.0,-643.0,37.0,-245.0,16470.15628341152
48.95736503601074,-1204.0,-164.0,16368.0,-610.0,-77.0,-225.0,16413.041643766093
48.983076333999634,-1196.0,-16.0,16528.0,-657.0,-41.0,-237.0,16571.223732724146
49.0072078704834,-1204.0,-148.0,16328.0,-553.0,-175.0,-221.0,16372.999236547957
49.03105092048645,-916.0,-56.0,16092.0,-689.0,86.0,-218.0,16118.146791737567
49.05519914627075,-1140.0,24.0,16392.0,-632.0,-88.0,-242.0,16431.610998316628
49.079946994781494,-1224.0,-108.0,16288.0,-613.0,-72.0,-239.0,16334.282475823662
49.10469961166382,-1100.0,104.0,16320.0,-718.0,151.0,-259.0,16357.359689142988
49.131763219833374,-1028.0,36.0,16336.0,-564.0,-289.0,-221.0,16368.352879871572
49.15628433227539,-1180.0,92.0,16508.0,-621.0,-71.0,-225.0,16550.375464018936
49.18060302734375,-1064.0,36.0,16324.0,-613.0,-46.0,-223.0,16358.678675247582
49.204962730407715,-1212.0,-12.0,16428.0,-606.0,-98.0,-258.0,16472.652245464298
49.229763984680176,-1160.0,-128.0,16388.0,-605.0,-141.0,-228.0,16429.501757509264
49.255218267440796,-1128.0,-184.0,16340.0,-567.0,-210.0,-216.0,16379.921855735454
49.279218912124634,-1156.0,0.0,16392.0,-600.0,-77.0,-256.0,16432.711279639767
49.30313777923584,-1200.0,-68.0,16472.0,-614.0,-103.0,-228.0,16515.792684579206
49.327736616134644,-1084.0,24.0,16304.0,-651.0,-14.0,-227.0,16340.01370868458
49.35213351249695,-1168.0,-48.0,16532.0,-601.0,-94.0,-202.0,16573.278251450436
49.37634992599487,-1212.0,-40.0,16448.0,-538.0,-270.0,-235.0,16492.642238283108
49.401299238204956,-1200.0,-136.0,16392.0,-596.0,-200.0,-224.0,16436.427835755552
49.42519760131836,-1136.0,-12.0,16468.0,-626.0,-66.0,-245.0,16507.13978858845
49.44991850852966,-1188.0,-124.0,16340.0,-635.0,-97.0,-217.0,16383.599116189336
49.47437787055969,-1084.0,20.0,16160.0,-667.0,51.0,-254.0,16196.328472836058
49.499260902404785,-1300.0,4.0,16496.0,-620.0,-60.0,-250.0,16547.145735745486
49.52440667152405,-1220.0,-132.0,16456.0,-650.0,-44.0,-237.0,16501.689610461104
49.548646450042725,-1336.0,-96.0,16300.0,-578.0,-73.0,-238.0,16354.941516251289
49.57295823097229,-1148.0,-96.0,16428.0,-609.0,-79.0,-226.0,16468.342478828887
49.59725880622864,-1100.0,-48.0,16400.0,-625.0,-51.0,-218.0,16436.918932695386
49.62181878089905,-1160.0,-52.0,16364.0,-623.0,-79.0,-225.0,16405.145534252355
49.64597225189209,-1036.0,-76.0,16360.0,-598.0,-136.0,-234.0,16392.945799947
49.66981744766235,-1148.0,-60.0,16348.0,-586.0,-74.0,-249.0,16388.368070067256
49.69352412223816,-1096.0,-32.0,16292.0,-587.0,-77.0,-245.0,16328.854950669382
49.71892714500427,-1148.0,-176.0,16328.0,-588.0,-146.0,-225.0,16369.253617682145
49.74447703361511,-1164.0,36.0,16484.0,-578.0,-159.0,-227.0,16525.085415815556
49.76870322227478,-1044.0,-24.0,16296.0,-666.0,69.0,-225.0,16329.425219523191
49.79285192489624,-1236.0,-4.0,16312.0,-611.0,-65.0,-220.0,16358.76083326607
49.81731963157654,-1148.0,-132.0,16408.0,-606.0,-79.0,-235.0,16448.64103809187
49.84300923347473,-1088.0,-20.0,16320.0,-634.0,-76.0,-223.0,16356.23868742444
49.86795091629028,-1144.0,-52.0,16348.0,-630.0,-80.0,-243.0,16388.061020145124
49.89298605918884,-1096.0,-68.0,16256.0,-625.0,-80.0,-234.0,16293.0468605476
49.92055535316467,-1168.0,-40.0,16484.0,-637.0,19.0,-248.0,16525.376848955668
49.945815324783325,-1224.0,-164.0,16356.0,-641.0,56.0,-238.0,16402.554922938074
49.97048377990723,-1328.0,-72.0,16472.0,-562.0,-263.0,-239.0,16525.60292394804
49.99530911445618,-1196.0,-36.0,16528.0,-580.0,-122.0,-244.0,16571.255112392664
50.01921343803406,-1180.0,-128.0,16376.0,-612.0,-88.0,-245.0,16418.957335957726
50.04439306259155,-1204.0,-204.0,16356.0,-576.0,-120.0,-222.0,16401.52334388486
50.06975793838501,-1076.0,-64.0,16276.0,-641.0,-6.0,-244.0,16311.653748164224
50.094523668289185,-1212.0,-184.0,16180.0,-614.0,-20.0,-236.0,16226.373593628368
50.118346214294434,-1312.0,-120.0,16372.0,-606.0,-126.0,-238.0,16424.923987647555
50.142892360687256,-1204.0,-16.0,16320.0,-563.0,-178.0,-226.0,16364.359810270611
50.16668152809143,-1148.0,0.0,16412.0,-589.0,-157.0,-251.0,16452.101628667384
50.19080591201782,-1040.0,-36.0,16304.0,-612.0,-126.0,-225.0,16337.175765719116
50.21500039100647,-1088.0,-164.0,16444.0,-614.0,-55.0,-237.0,16480.769884929527
50.23924970626831,-1212.0,-52.0,16488.0,-617.0,-43.0,-227.0,16532.56761667709
50.26361656188965,-1168.0,-80.0,16408.0,-621.0,-44.0,-234.0,16449.713918485028
50.28728103637695,-1228.0,-64.0,16328.0,-613.0,-83.0,-240.0,16374.23781432284
50.31245827674866,-1156.0,-12.0,16236.0,-635.0,-26.0,-243.0,16277.105885261053
50.33852815628052,-1120.0,-128.0,16244.0,-685.0,54.0,-248.0,16283.068506887761
50.362385511398315,-1352.0,12.0,16464.0,-587.0,-162.0,-214.0,16519.423234483704
50.386232137680054,-1184.0,-68.0,16256.0,-579.0,-141.0,-231.0,16299.202925296684
50.41085720062256,-1384.0,-112.0,16540.0,-633.0,-99.0,-225.0,16598.180623188797
50.43505120277405,-1124.0,-140.0,16396.0,-555.0,-252.0,-220.0,16435.07809534229
50.459786891937256,-1048.0,24.0,16300.0,-685.0,107.0,-239.0,16333.673193743041
50.48371624946594,-1296.0,-84.0,16464.0,-669.0,142.0,-245.0,16515.14359610597
50.50798010826111,-1188.0,-144.0,16420.0,-636.0,-69.0,-218.0,16463.550042442243
50.53206014633179,-1252.0,-116.0,16432.0,-558.0,-191.0,-233.0,16480.035922290946
50.55624771118164,-1256.0,-84.0,16472.0,-583.0,-211.0,-227.0,16520.029539925163
50.580411434173584,-1228.0,-44.0,16188.0,-586.0,-120.0,-225.0,16234.570028183685
50.60451602935791,-1212.0,-16.0,16300.0,-622.0,-76.0,-234.0,16345.005353318182
50.628544330596924,-1064.0,-44.0,16504.0,-603.0,-119.0,-242.0,16538.320591885986
50.65375018119812,-1100.0,-28.0,16436.0,-612.0,-60.0,-253.0,16472.792113057214
50.677675008773804,-1172.0,-40.0,16484.0,-610.0,-79.0,-233.0,16525.66004733245
50.701911211013794,-1084.0,-64.0,16376.0,-619.0,-68.0,-230.0,16411.962953894334
50.725640296936035,-1128.0,-28.0,16316.0,-643.0,-7.0,-219.0,16354.969397709065
50.749754667282104,-1156.0,-128.0,16468.0,-657.0,42.0,-254.0,16509.020079944177
50.77369403839111,-1244.0,-136.0,16584.0,-552.0,-280.0,-209.0,16631.148126332107
50.798235177993774,-1220.0,-64.0,16336.0,-588.0,-144.0,-207.0,16381.617502554502
50.82310438156128,-1148.0,-12.0,16264.0,-617.0,-88.0,-232.0,16304.470061918602
50.84920811653137,-1236.0,48.0,16308.0,-587.0,-191.0,-233.0,16354.842218743659
50.87371277809143,-1116.0,-44.0,16328.0,-658.0,12.0,-239.0,16366.153366017319
50.89877462387085,-1100.0,-64.0,16468.0,-666.0,32.0,-245.0,16504.821113844282
50.923405170440674,-1164.0,-32.0,16400.0,-518.0,-235.0,-230.0,16441.28705424244
50.94848608970642,-1064.0,-88.0,16548.0,-634.0,-116.0,-227.0,16582.404650713357
50.97329568862915,-1232.0,-8.0,16404.0,-575.0,-140.0,-227.0,16450.200728258606
50.997958183288574,-1136.0,-52.0,16420.0,-612.0,-144.0,-240.0,16459.331699677237
51.0228796005249,-1160.0,-36.0,16372.0,-634.0,-72.0,-232.0,16413.082586765962
51.048075914382935,-1164.0,-92.0,16424.0,-602.0,-123.0,-217.0,16465.452802762517
51.07418084144592,-1208.0,-96.0,16536.0,-636.0,-72.0,-249.0,16580.34306038328
51.09894347190857,-1188.0,-172.0,16428.0,-610.0,-119.0,-227.0,16471.79747325713
51.12380290031433,-1176.0,-64.0,16452.0,-601.0,-96.0,-233.0,16494.10124862825
51.14904808998108,-1100.0,-40.0,16236.0,-600.0,-60.0,-245.0,16273.269370350876
51.1729621887207,-1108.0,-92.0,16348.0,-638.0,-9.0,-219.0,16385.76308873041
51.19794297218323,-1156.0,88.0,16384.0,-659.0,64.0,-217.0,16424.966849281613
51.22234320640564,-1256.0,12.0,16352.0,-631.0,-21.0,-252.0,16400.17024301882
51.24651336669922,-1252.0,-136.0,16492.0,-621.0,-50.0,-245.0,16540.01402659623
51.27053999900818,-1192.0,-12.0,16456.0,-604.0,-142.0,-203.0,16499.11949165773
51.29350185394287,-1040.0,-64.0,16244.0,-650.0,50.0,-247.0,16277.38406501487
51.316165924072266,-1324.0,-72.0,16440.0,-543.0,-340.0,-236.0,16493.385340796474
51.33825469017029,-1192.0,-44.0,16296.0,-584.0,-112.0,-225.0,16339.596567847078
51.36075782775879,-1140.0,-100.0,16268.0,-615.0,-79.0,-222.0,16308.201127040345
51.38290071487427,-1256.0,40.0,16440.0,-579.0,-109.0,-229.0,16487.95730222516
51.405232429504395,-1116.0,-44.0,16372.0,-578.0,-171.0,-227.0,16410.051066343454
51.42773652076721,-1152.0,-4.0,16276.0,-569.0,-158.0,-228.0,16316.71829750088
51.45021033287048,-1196.0,-48.0,16212.0,-692.0,86.0,-247.0,16256.126968008093
51.47240734100342,-1096.0,-20.0,16332.0,-630.0,-85.0,-224.0,16368.745828559988
51.49427843093872,-1184.0,20.0,16440.0,-626.0,-82.0,-215.0,16482.592514528777
51.51704740524292,-1112.0,-76.0,16364.0,-629.0,-76.0,-242.0,16401.915010144396
51.54089975357056,-1140.0,-76.0,16472.0,-619.0,-97.0,-235.0,16511.576544957785
51.56288504600525,-1124.0,-60.0,16408.0,-638.0,-34.0,-245.0,16446.56316681391
51.585071086883545,-1132.0,-128.0,16392.0,-638.0,21.0,-227.0,16431.538941925068
51.60790944099426,-1228.0,-220.0,16428.0,-684.0,34.0,-273.0,16475.301757479283
51.63037347793579,-1232.0,-84.0,16360.0,-533.0,-295.0,-236.0,16406.537721286597
51.652305126190186,-1216.0,-12.0,16276.0,-592.0,-96.0,-248.0,16321.365629137777
51.674198627471924,-1108.0,-12.0,16464.0,-582.0,-114.0,-230.0,16501.245528747215
51.69600033760071,-1148.0,-40.0,16364.0,-612.0,-87.0,-228.0,16404.26773739078
51.71784853935242,-1204.0,32.0,16504.0,-622.0,-49.0,-235.0,16547.889774832318
51.73999881744385,-1192.0,-4.0,16408.0,-615.0,-76.0,-238.0,16451.2414121245
51.76176738739014,-1144.0,-28.0,16348.0,-607.0,-93.0,-251.0,16388.002440810167
51.78443121910095,-1132.0,-128.0,16428.0,-562.0,-188.0,-224.0,16467.45250486547
51.80770301818848,-1140.0,-28.0,16364.0,-581.0,-151.0,-236.0,16403.684951863714
51.831196308135986,-1108.0,-80.0,16440.0,-588.0,-79.0,-221.0,16477.489614622733
51.854652404785156,-1008.0,24.0,16328.0,-620.0,-71.0,-224.0,16359.10217585305
51.877683877944946,-1140.0,-76.0,16416.0,-619.0,-65.0,-214.0,16455.71122741281
51.90064191818237,-1172.0,-16.0,16312.0,-635.0,-88.0,-243.0,16354.05711131033
51.92358636856079,-1104.0,-108.0,16372.0,-604.0,-113.0,-223.0,16409.535764304852
51.94767761230469,-1108.0,-100.0,16228.0,-643.0,-35.0,-241.0,16266.088896843026
51.97017788887024,-1172.0,-76.0,16328.0,-671.0,25.0,-253.0,16370.184604945664
51.99254894256592,-1184.0,-76.0,16420.0,-661.0,-1.0,-250.0,16462.807536990767
52.015116453170776,-1328.0,-36.0,16412.0,-600.0,-190.0,-222.0,16465.68018637554
52.03800964355469,-1148.0,-68.0,16380.0,-593.0,-129.0,-234.0,16420.32058152337
52.06082797050476,-1208.0,24.0,16452.0,-592.0,-98.0,-206.0,16496.30698065479
52.083333015441895,-1192.0,-76.0,16264.0,-593.0,-73.0,-218.0,16307.799851604754
52.10518002510071,-1080.0,92.0,16220.0,-631.0,-70.0,-238.0,16256.176180147655
52.12988090515137,-1192.0,-72.0,16404.0,-597.0,-124.0,-240.0,16447.40903607617
52.154417753219604,-1144.0,-44.0,16240.0,-596.0,-170.0,-217.0,16280.303191279947
52.177040100097656,-1172.0,-24.0,16268.0,-603.0,-110.0,-245.0,16310.180379137442
52.200875759124756,-1176.0,-8.0,16244.0,-602.0,-120.0,-217.0,16286.515158252854
52.22323203086853,-1120.0,-120.0,16328.0,-589.0,-143.0,-218.0,16366.807385681546
52.24638867378235,-1168.0,-12.0,16480.0,-619.0,-91.0,-214.0,16521.342802569045
52.26939940452576,-1240.0,4.0,16440.0,-617.0,-80.0,-238.0,16486.698153359877
52.2926070690155,-1108.0,-28.0,16396.0,-644.0,-48.0,-235.0,16433.419120803803
52.31514525413513,-1224.0,-84.0,16276.0,-636.0,-19.0,-231.0,16322.175345216703
52.33920097351074,-1120.0,-76.0,16316.0,-677.0,58.0,-252.0,16354.572204738344
52.36188769340515,-1144.0,-80.0,16472.0,-649.0,-20.0,-228.0,16511.87209252785
52.38451886177063,-1252.0,-32.0,16328.0,-687.0,72.0,-239.0,16375.961406891505
52.40624451637268,-1192.0,-92.0,16304.0,-631.0,-40.0,-228.0,16347.774894461938
52.42783999443054,-1256.0,-100.0,16340.0,-630.0,-81.0,-251.0,16388.50621624802
52.449525356292725,-1128.0,12.0,16308.0,-632.0,-78.0,-242.0,16346.968893345334
52.471460580825806,-1164.0,-60.0,16256.0,-637.0,-69.0,-228.0,16297.730885003593
52.494019985198975,-1172.0,12.0,16332.0,-589.0,-109.0,-245.0,16374.002320752248
52.516411781311035,-1164.0,60.0,16208.0,-567.0,-214.0,-207.0,16249.854153191653
52.53856372833252,-1156.0,144.0,16400.0,-584.0,-147.0,-236.0,16441.322087958742
52.560885190963745,-1116.0,-52.0,16440.0,-619.0,-101.0,-248.0,16477.917344130597
52.58428907394409,-1140.0,-68.0,16300.0,-617.0,-85.0,-225.0,16339.957894682593
52.60680890083313,-1164.0,-124.0,16388.0,-627.0,-68.0,-227.0,16429.753984768002
52.630064964294434,-1220.0,-20.0,16288.0,-618.0,-83.0,-236.0,16333.638418919405
52.65337014198303,-1080.0,-92.0,16264.0,-627.0,-82.0,-241.0,16300.078527418204
52.674962759017944,-1216.0,-112.0,16300.0,-618.0,-49.0,-234.0,16345.67832792509
52.69671821594238,-1144.0,-48.0,16308.0,-648.0,39.0,-245.0,16348.146806289697
52.71883153915405,-1132.0,-192.0,16420.0,-646.0,-38.0,-224.0,16460.09380289189
52.740625619888306,-1160.0,-144.0,16328.0,-626.0,-34.0,-232.0,16369.786803743047
52.762590646743774,-1276.0,-144.0,16500.0,-636.0,-61.0,-226.0,16549.89160085346
52.78572916984558,-1268.0,20.0,16348.0,-638.0,-48.0,-213.0,16397.113404498978
52.80885100364685,-1248.0,-88.0,16496.0,-629.0,-65.0,-223.0,16543.375229982543
52.832223892211914,-1176.0,-100.0,16540.0,-622.0,-65.0,-245.0,16582.05584359189
52.85519862174988,-1316.0,-108.0,16296.0,-629.0,-83.0,-225.0,16349.407818022033
52.87855553627014,-1148.0,-16.0,16428.0,-544.0,-218.0,-232.0,16468.070439489868
52.90136504173279,-1092.0,-136.0,16436.0,-592.0,-149.0,-238.0,16472.797455198677
52.92498517036438,-1100.0,-4.0,16376.0,-614.0,-124.0,-229.0,16412.903216676812
52.94787049293518,-1192.0,-128.0,16264.0,-615.0,-106.0,-235.0,16308.125091499636
52.97157335281372,-1244.0,4.0,16284.0,-612.0,-89.0,-241.0,16331.44843545728
52.99408483505249,-1100.0,44.0,16500.0,-594.0,-71.0,-218.0,16536.684552835857
53.01657557487488,-1092.0,-52.0,16388.0,-604.0,-60.0,-234.0,16424.424251705143
53.03877806663513,-1164.0,-4.0,16372.0,-644.0,-23.0,-242.0,16413.326780394036
53.06150484085083,-1080.0,-64.0,16424.0,-663.0,65.0,-240.0,16459.59513475347
53.084516525268555,-1284.0,-80.0,16420.0,-562.0,-170.0,-215.0,16470.320458327456
53.10645842552185,-1144.0,-40.0,16420.0,-575.0,-170.0,-207.0,16459.852247210485
53.12901496887207,-1252.0,-16.0,16356.0,-602.0,-191.0,-215.0,16403.85613201969
53.152568101882935,-1128.0,28.0,16240.0,-628.0,-117.0,-239.0,16279.151329230894
53.1745069026947,-1084.0,-96.0,16384.0,-632.0,-67.0,-240.0,16420.101339516757
53.19758129119873,-1188.0,-32.0,16404.0,-590.0,-81.0,-232.0,16446.99315984536
53.220335721969604,-1216.0,-64.0,16432.0,-596.0,-118.0,-228.0,16477.056047728915
53.242167472839355,-1116.0,-8.0,16336.0,-540.0,-237.0,-229.0,16374.077561804817
53.26534080505371,-1032.0,-52.0,16216.0,-702.0,183.0,-246.0,16248.888700461948
53.287808895111084,-1044.0,16.0,16252.0,-588.0,-70.0,-237.0,16285.505702924916
53.3100311756134,-1092.0,92.0,16324.0,-611.0,-103.0,-200.0,16360.742770424575
53.33247900009155,-1096.0,8.0,16416.0,-606.0,-55.0,-234.0,16452.548009351012
53.354634284973145,-1160.0,-20.0,16272.0,-621.0,-30.0,-230.0,16313.306960883192
53.37675666809082,-1148.0,24.0,16436.0,-645.0,-38.0,-251.0,16476.060694231495
53.399500370025635,-1204.0,-76.0,16364.0,-668.0,13.0,-209.0,16408.40906364782
53.42171883583069,-1192.0,-92.0,16304.0,-659.0,30.0,-235.0,16347.774894461938
53.44866323471069,-1288.0,-100.0,16524.0,-610.0,-132.0,-241.0,16574.42367022154
53.47046685218811,-1096.0,-48.0,16300.0,-595.0,-106.0,-224.0,16336.87607836945
53.49198865890503,-1196.0,-64.0,16320.0,-606.0,-92.0,-237.0,16363.890490955993
53.51344966888428,-1228.0,-136.0,16340.0,-607.0,-60.0,-237.0,16386.64334145343
53.53523397445679,-1164.0,-48.0,16344.0,-622.0,-49.0,-220.0,16385.467219460053
53.55751943588257,-1216.0,-8.0,16408.0,-640.0,-73.0,-205.0,16452.999240260116
53.57933163642883,-1208.0,40.0,16376.0,-575.0,-136.0,-223.0,16420.54323096529
53.601685523986816,-1228.0,-84.0,16380.0,-574.0,-214.0,-236.0,16426.18154045547
53.624045848846436,-1088.0,-12.0,16252.0,-634.0,-29.0,-215.0,16288.38211732522
53.64566206932068,-1104.0,-28.0,16328.0,-627.0,-78.0,-239.0,16365.304274592636
53.66782760620117,-1176.0,-28.0,16460.0,-596.0,-104.0,-227.0,16501.980487202134
53.68934512138367,-1208.0,-12.0,16424.0,-594.0,-115.0,-217.0,16468.369196735905
53.71092247962952,-1148.0,-8.0,16416.0,-594.0,-58.0,-226.0,16456.093825692657
53.73250865936279,-1172.0,-40.0,16472.0,-629.0,-12.0,-229.0,16513.690320458358
53.75708031654358,-1156.0,-28.0,16432.0,-690.0,72.0,-239.0,16472.63621889344
53.78179454803467,-1264.0,-100.0,16380.0,-584.0,-158.0,-238.0,16429.00167386929
53.80722188949585,-1092.0,-80.0,16380.0,-599.0,-122.0,-216.0,16416.554571529312
53.833280086517334,-1084.0,-88.0,16328.0,-600.0,-98.0,-236.0,16364.17990612423
53.85871171951294,-1212.0,-64.0,16564.0,-614.0,-105.0,-216.0,16608.40558271624
53.88511943817139,-1156.0,-48.0,16464.0,-640.0,-32.0,-226.0,16504.603479029724
53.911752223968506,-1176.0,-136.0,16296.0,-640.0,-75.0,-249.0,16338.94390711958
53.93790054321289,-1196.0,-36.0,16340.0,-611.0,-50.0,-209.0,16383.751462958659
53.9626841545105,-1192.0,-44.0,16456.0,-597.0,-151.0,-228.0,16499.17379749665
53.988484144210815,-1172.0,-44.0,16412.0,-581.0,-136.0,-234.0,16453.85255798775
54.013512134552,-1104.0,-100.0,16396.0,-586.0,-140.0,-235.0,16433.430317496102
54.03905630111694,-952.0,0.0,16260.0,-695.0,155.0,-276.0,16287.845284137495
54.06402659416199,-1240.0,-72.0,16336.0,-622.0,-142.0,-246.0,16383.15232182134
54.089325189590454,-1164.0,-68.0,16432.0,-606.0,-114.0,-217.0,16473.31612032016
54.1147141456604,-1124.0,32.0,16500.0,-621.0,-43.0,-243.0,16538.270768130507
54.1405348777771,-1240.0,-104.0,16512.0,-613.0,-58.0,-240.0,16558.82121408405
54.166295528411865,-1224.0,-4.0,16468.0,-631.0,-8.0,-223.0,16513.425326079385
54.191490650177,-1132.0,-76.0,16480.0,-641.0,-65.0,-241.0,16519.00723409249
54.215378284454346,-1216.0,-64.0,16304.0,-626.0,-34.0,-230.0,16349.408796650721
54.23978781700134,-1216.0,16.0,16416.0,-659.0,-21.0,-251.0,16460.983202713014
54.26403760910034,-1184.0,-52.0,16300.0,-648.0,-24.0,-239.0,16343.027871236101
54.28832483291626,-1192.0,-44.0,16340.0,-678.0,52.0,-239.0,16383.47948391916
54.312963247299194,-1108.0,-144.0,16480.0,-598.0,-105.0,-221.0,16517.83278762683
54.33798027038574,-1084.0,-16.0,16216.0,-608.0,-134.0,-240.0,16252.198866614943
54.363367795944214,-1172.0,16.0,16384.0,-573.0,-141.0,-221.0,16425.87276220049
54.38948965072632,-1084.0,-8.0,16284.0,-629.0,-98.0,-217.0,16320.042156808297
54.41408967971802,-1192.0,-84.0,16500.0,-629.0,-55.0,-257.0,16543.213714390564
54.43844032287598,-1108.0,-44.0,16332.0,-573.0,-54.0,-241.0,16369.600606001357
54.46289777755737,-1168.0,-72.0,16332.0,-630.0,-62.0,-248.0,16373.870403786637
54.48672938346863,-1168.0,-120.0,16532.0,-610.0,-47.0,-236.0,16573.643172217748
54.511242151260376,-1184.0,-16.0,16360.0,-640.0,-28.0,-233.0,16402.795859243022
54.54191517829895,-1200.0,-12.0,16460.0,-622.0,2.0,-242.0,16503.68879978049
54.56630325317383,-1180.0,-48.0,16396.0,-650.0,-39.0,-244.0,16438.47681508235
54.59085297584534,-1152.0,0.0,16208.0,-666.0,-23.0,-254.0,16248.88820812058
54.615758657455444,-1036.0,4.0,16528.0,-563.0,-227.0,-199.0,16560.43767537561
54.64108061790466,-1176.0,-60.0,16464.0,-614.0,-100.0,-242.0,16506.055616045887
54.66544508934021,-1256.0,-4.0,16392.0,-638.0,-42.0,-219.0,16440.049148345024
54.689228773117065,-1096.0,-24.0,16184.0,-608.0,-60.0,-229.0,16221.086523411434
54.71353507041931,-1176.0,-40.0,16428.0,-595.0,-96.0,-246.0,16470.086824300593
54.73825526237488,-1192.0,-12.0,16492.0,-591.0,-128.0,-213.0,16535.02561231763
54.76280760765076,-1132.0,-32.0,16428.0,-612.0,-131.0,-239.0,16466.98612375683
54.78747224807739,-1168.0,-68.0,16424.0,-570.0,-154.0,-210.0,16465.61945388026
54.81307506561279,-1136.0,-100.0,16552.0,-614.0,-124.0,-218.0,16591.238651770396
54.84112524986267,-1148.0,-104.0,16248.0,-640.0,-50.0,-252.0,16288.837404799644
54.86646318435669,-1152.0,-48.0,16376.0,-641.0,-25.0,-229.0,16416.53995213364
54.89366888999939,-1100.0,-24.0,16248.0,-642.0,10.0,-258.0,16285.210468397392
54.92122197151184,-1156.0,-56.0,16288.0,-637.0,12.0,-255.0,16329.06659916604
54.949249505996704,-1284.0,-100.0,16468.0,-540.0,-268.0,-222.0,16518.28320377151
54.97658133506775,-1100.0,72.0,16412.0,-609.0,-101.0,-211.0,16448.97954281663
55.00350379943848,-1176.0,36.0,16336.0,-621.0,-92.0,-232.0,16378.313954739053
55.02934718132019,-1148.0,-28.0,16456.0,-597.0,-98.0,-240.0,16496.018428699696
55.0539448261261,-1212.0,-112.0,16348.0,-617.0,-73.0,-221.0,16393.24836632447
55.07858848571777,-1268.0,-40.0,16376.0,-599.0,-96.0,-208.0,16425.066209912213
55.10393762588501,-1172.0,-172.0,16468.0,-577.0,-129.0,-227.0,16510.547901266025
55.13084411621094,-1248.0,-76.0,16288.0,-604.0,-171.0,-234.0,16335.918217229175
55.15948820114136,-1100.0,-148.0,16316.0,-589.0,-165.0,-249.0,16353.707836451034
55.18710994720459,-1304.0,-124.0,16492.0,-623.0,-105.0,-223.0,16543.937137211324
55.2152202129364,-1156.0,-36.0,16348.0,-619.0,-62.0,-224.0,16388.860118995464
55.241920471191406,-1296.0,-28.0,16372.0,-617.0,-32.0,-237.0,16423.239144578027
55.26799249649048,-1212.0,-40.0,16344.0,-617.0,-66.0,-211.0,16388.925529149248
55.291988134384155,-1212.0,-92.0,16360.0,-637.0,-76.0,-236.0,16405.090917151298
55.31659984588623,-1200.0,-96.0,16500.0,-647.0,-46.0,-236.0,16543.85734948171
55.341349601745605,-1128.0,-56.0,16400.0,-620.0,-58.0,-247.0,16438.841808351342
55.36589431762695,-1168.0,-80.0,16392.0,-642.0,-15.0,-231.0,16433.754531451417
55.38980317115784,-1128.0,-20.0,16344.0,-633.0,-60.0,-242.0,16382.891075753389
55.41388463973999,-1228.0,-32.0,16300.0,-634.0,-37.0,-235.0,16346.223049989254
55.438815116882324,-1156.0,-12.0,16404.0,-626.0,-24.0,-246.0,16444.685950178555
55.46485114097595,-1248.0,-100.0,16340.0,-639.0,-26.0,-245.0,16387.895044818906
55.49072742462158,-1156.0,-44.0,16268.0,-651.0,-33.0,-244.0,16309.080170260982
55.51620388031006,-1252.0,-80.0,16416.0,-625.0,-87.0,-225.0,16463.868318229466
55.54186224937439,-1200.0,68.0,16512.0,-605.0,-67.0,-230.0,16555.68687792808
55.56742310523987,-1144.0,-20.0,16356.0,-628.0,-89.0,-230.0,16395.971212465578
55.591798305511475,-1068.0,-44.0,16476.0,-606.0,-104.0,-229.0,16510.63705615262
55.61603832244873,-1164.0,-4.0,16316.0,-599.0,-107.0,-233.0,16357.468263762581
55.640899896621704,-1168.0,24.0,16300.0,-634.0,-97.0,-230.0,16341.811405104392
55.665833711624146,-1148.0,-48.0,16476.0,-594.0,-72.0,-229.0,16516.015984492144
55.6910605430603,-1168.0,-56.0,16396.0,-635.0,-65.0,-262.0,16437.64508681216
55.7164261341095,-1144.0,-144.0,16480.0,-639.0,-66.0,-250.0,16520.28668032126
55.742326974868774,-1180.0,-68.0,16336.0,-624.0,-40.0,-242.0,16378.703245373243
55.76744055747986,-1148.0,-80.0,16276.0,-643.0,-69.0,-212.0,16316.63200541092
55.79332089424133,-1092.0,-40.0,16344.0,-621.0,-69.0,-239.0,16380.488393207328
55.82009148597717,-1156.0,-8.0,16364.0,-630.0,-76.0,-226.0,16404.782717244383
55.845654010772705,-1160.0,-72.0,16224.0,-629.0,-59.0,-226.0,16265.575919714616
55.871588468551636,-1112.0,-16.0,16440.0,-611.0,-66.0,-243.0,16477.572636769044
55.897738456726074,-1136.0,0.0,16388.0,-627.0,-68.0,-246.0,16427.326014905775
55.92224621772766,-1164.0,-4.0,16456.0,-611.0,-66.0,-237.0,16497.11635407837
55.947646379470825,-1080.0,-36.0,16360.0,-630.0,-53.0,-216.0,16395.64869103995
55.97291660308838,-1220.0,-84.0,16312.0,-605.0,-84.0,-249.0,16357.774909809708
55.99793553352356,-1204.0,-88.0,16392.0,-597.0,-85.0,-235.0,16436.39327833208
56.02342510223389,-1084.0,-28.0,16376.0,-606.0,-119.0,-216.0,16411.862051577205
56.047099590301514,-1148.0,44.0,16376.0,-594.0,-78.0,-220.0,16416.248536130293
56.072508335113525,-1212.0,-72.0,16392.0,-623.0,-93.0,-215.0,16436.903357992953
56.09711170196533,-1208.0,-100.0,16444.0,-623.0,-104.0,-237.0,16488.614253478067
56.12141942977905,-1064.0,-36.0,16424.0,-618.0,-42.0,-234.0,16458.467972445065
56.14592504501343,-1296.0,-76.0,16424.0,-634.0,-77.0,-252.0,16475.22892101958
56.17013382911682,-1224.0,-72.0,16344.0,-603.0,-77.0,-248.0,16389.92666243507
56.19507074356079,-1224.0,-72.0,16256.0,-619.0,-71.0,-225.0,16302.174578871372
56.22010016441345,-1172.0,-108.0,16496.0,-608.0,-58.0,-225.0,16537.934091052608
56.24448847770691,-1084.0,48.0,16372.0,-633.0,-36.0,-229.0,16407.917113393767
56.26884841918945,-1228.0,-20.0,16408.0,-609.0,-62.0,-218.0,16453.900692540963
56.29386019706726,-1056.0,-24.0,16376.0,-645.0,-58.0,-231.0,16410.03010356776
56.31839394569397,-1260.0,-116.0,16472.0,-619.0,-55.0,-234.0,16520.527836603767
56.34280252456665,-1192.0,-120.0,16232.0,-639.0,-80.0,-236.0,16276.15089632681
56.36665892601013,-1072.0,-76.0,16328.0,-611.0,-89.0,-249.0,16363.329245602803
56.39341354370117,-1160.0,-32.0,16284.0,-601.0,-89.0,-251.0,16325.295709419785
56.41858386993408,-1208.0,-160.0,16316.0,-628.0,-85.0,-231.0,16361.440034422398
56.44238781929016,-1184.0,-88.0,16320.0,-595.0,-70.0,-210.0,16363.129285072584
56.46698760986328,-1148.0,-48.0,16392.0,-622.0,-84.0,-226.0,16432.22054379748
56.49098014831543,-1104.0,-8.0,16256.0,-616.0,-66.0,-229.0,16293.447026335465
56.515482664108276,-1108.0,-76.0,16508.0,-619.0,-91.0,-227.0,16545.316678746283
56.53925538063049,-1128.0,-48.0,16268.0,-633.0,-68.0,-222.0,16307.13071021386
56.563727378845215,-1136.0,-100.0,16320.0,-618.0,-65.0,-232.0,16359.79510874143
56.58812665939331,-1168.0,-20.0,16424.0,-609.0,-61.0,-230.0,16465.491186114064
56.6121985912323,-1136.0,-84.0,16388.0,-607.0,-74.0,-248.0,16427.540777608803
56.63701128959656,-1140.0,-92.0,16388.0,-599.0,-95.0,-227.0,16427.860725000075
56.661460399627686,-1140.0,-116.0,16404.0,-628.0,-83.0,-238.0,16443.973728998717
56.685731649398804,-1240.0,-96.0,16332.0,-607.0,-76.0,-230.0,16379.286919765464
56.70985746383667,-1132.0,-28.0,16312.0,-613.0,-95.0,-230.0,16351.25536465014
56.73400092124939,-1140.0,-156.0,16256.0,-623.0,-65.0,-244.0,16296.670580213617
56.75787925720215,-1224.0,-56.0,16312.0,-619.0,-77.0,-230.0,16357.953906280578
56.78172588348389,-1184.0,-104.0,16396.0,-592.0,-76.0,-225.0,16439.023328653075
56.80771493911743,-1276.0,-72.0,16476.0,-620.0,-55.0,-242.0,16525.49351759275
56.83348870277405,-1124.0,20.0,16296.0,-613.0,-56.0,-208.0,16334.729627392062
56.86060452461243,-1116.0,-52.0,16236.0,-631.0,-88.0,-218.0,16274.392646117396
56.8866081237793,-1148.0,-140.0,16512.0,-601.0,-69.0,-233.0,16552.451419653826
56.915356159210205,-1228.0,40.0,16392.0,-655.0,-96.0,-229.0,16437.98187126388
56.94264554977417,-1128.0,-96.0,16200.0,-635.0,-66.0,-215.0,16239.507381691108
56.96814751625061,-1168.0,-56.0,16440.0,-596.0,-100.0,-241.0,16481.53390919668
56.99379229545593,-1124.0,-52.0,16252.0,-619.0,-83.0,-242.0,16290.904947239733
57.01815700531006,-1168.0,-36.0,16420.0,-629.0,-53.0,-238.0,16461.528483102655
57.04296851158142,-1128.0,-76.0,16356.0,-582.0,-98.0,-238.0,16395.026562954998
57.0689013004303,-1200.0,-136.0,16416.0,-637.0,-87.0,-209.0,16460.363057964427
57.09469485282898,-1148.0,-100.0,16412.0,-584.0,-93.0,-245.0,16452.40553840076
57.12088131904602,-1224.0,-12.0,16356.0,-619.0,-71.0,-223.0,16401.739419951777
57.146605253219604,-1220.0,12.0,16368.0,-617.0,-68.0,-257.0,16413.408177462716
57.172874450683594,-1084.0,-104.0,16428.0,-616.0,-78.0,-232.0,16464.05344986465
57.198370933532715,-1092.0,-76.0,16520.0,-633.0,-25.0,-232.0,16556.226623237555
57.22328519821167,-1220.0,0.0,16316.0,-631.0,-61.0,-212.0,16361.548093013693
57.248676776885986,-1120.0,-92.0,16192.0,-642.0,-66.0,-232.0,16230.949694950077
57.27411341667175,-1124.0,-24.0,16224.0,-625.0,-67.0,-243.0,16262.906505296032
57.29986262321472,-1144.0,-56.0,16300.0,-630.0,-74.0,-227.0,16340.19192053753
57.32440543174744,-1112.0,-88.0,16472.0,-628.0,-44.0,-242.0,16509.726587681576
57.348342180252075,-1156.0,-116.0,16508.0,-603.0,-47.0,-248.0,16548.83246637055
57.373111963272095,-1116.0,-64.0,16400.0,-618.0,-59.0,-248.0,16438.05195271021
57.39740347862244,-1096.0,-100.0,16304.0,-616.0,-52.0,-236.0,16341.102533183004
57.4220085144043,-1052.0,-116.0,16472.0,-609.0,-60.0,-253.0,16505.96692108645
57.447723388671875,-1236.0,36.0,16388.0,-605.0,-67.0,-225.0,16434.583535946385
57.473161935806274,-1120.0,-4.0,16352.0,-625.0,-85.0,-232.0,16390.311772507564
57.4997923374176,-1032.0,-40.0,16336.0,-596.0,-73.0,-239.0,16368.613869231567
57.525893449783325,-1192.0,-44.0,16316.0,-587.0,-74.0,-230.0,16359.543269908241
57.55106711387634,-1136.0,4.0,16424.0,-610.0,-80.0,-236.0,16463.240507263446
57.576054096221924,-1116.0,-100.0,16208.0,-597.0,-77.0,-202.0,16246.683353841792
57.601452350616455,-1200.0,24.0,16452.0,-584.0,-86.0,-232.0,16495.723082059787
57.626392126083374,-1216.0,-4.0,16380.0,-579.0,-103.0,-239.0,16425.074489937633
57.65140128135681,-1232.0,84.0,16280.0,-615.0,-95.0,-239.0,16326.765754429136
57.67541980743408,-1224.0,-24.0,16252.0,-603.0,-114.0,-220.0,16298.044545282111
57.69954872131348,-1164.0,-96.0,16408.0,-601.0,-90.0,-246.0,16449.515980721135
57.72405934333801,-1192.0,12.0,16340.0,-614.0,-79.0,-246.0,16383.424794590415
57.74900984764099,-1124.0,-96.0,16244.0,-626.0,-71.0,-233.0,16283.124024584471
57.77362656593323,-1124.0,-40.0,16452.0,-630.0,-44.0,-242.0,16490.399631300632
57.798468351364136,-1172.0,-28.0,16408.0,-632.0,-76.0,-236.0,16449.827719462595
57.823747396469116,-1180.0,0.0,16404.0,-657.0,-39.0,-233.0,16446.38610759215
57.8494336605072,-1232.0,-116.0,16484.0,-604.0,-45.0,-244.0,16530.382209737316
57.874521255493164,-1208.0,-64.0,16368.0,-637.0,-57.0,-229.0,16412.640981877354
57.899243116378784,-1156.0,-84.0,16340.0,-605.0,-69.0,-239.0,16381.055887823593
57.924320459365845,-1280.0,0.0,16360.0,-610.0,-73.0,-246.0,16409.99695307711
57.94905734062195,-1084.0,12.0,16344.0,-624.0,-74.0,-252.0,16379.912576079276
57.9736864566803,-1164.0,-8.0,16336.0,-618.0,-62.0,-223.0,16377.419088488881
57.99852752685547,-1128.0,-28.0,16360.0,-626.0,-43.0,-244.0,16398.864838762467
58.023250341415405,-1204.0,-20.0,16476.0,-638.0,-66.0,-239.0,16519.945278359733
58.04807925224304,-1080.0,-68.0,16324.0,-621.0,-71.0,-227.0,16359.828849960502
58.073002099990845,-1168.0,-124.0,16360.0,-601.0,-76.0,-228.0,16402.109620411637
58.09762477874756,-1196.0,20.0,16248.0,-605.0,-91.0,-223.0,16291.971028699996
58.122661113739014,-1048.0,-28.0,16356.0,-612.0,-77.0,-237.0,16389.564484756756
58.14765286445618,-1220.0,-4.0,16340.0,-606.0,-93.0,-231.0,16385.48186657933
58.17218565940857,-1184.0,-12.0,16332.0,-602.0,-83.0,-239.0,16374.865617769203
58.196781158447266,-1124.0,-84.0,16364.0,-628.0,-81.0,-223.0,16402.771960860762
58.22146129608154,-1116.0,32.0,16320.0,-604.0,-78.0,-244.0,16358.144149016416
58.24584913253784,-1176.0,-28.0,16284.0,-635.0,-58.0,-234.0,16326.433045830923
58.26991295814514,-1132.0,80.0,16528.0,-618.0,-52.0,-265.0,16566.91304981106
58.29461646080017,-1184.0,0.0,16356.0,-603.0,-55.0,-248.0,16398.798492572558
58.3196439743042,-1100.0,-60.0,16416.0,-636.0,-65.0,-238.0,16452.922415182053
58.34416961669922,-1132.0,-136.0,16472.0,-614.0,-79.0,-230.0,16511.411326715835
58.36849880218506,-1164.0,-120.0,16320.0,-595.0,-71.0,-238.0,16361.897689449106
58.39344239234924,-1172.0,-80.0,16424.0,-598.0,-83.0,-232.0,16465.957609565256
58.420029401779175,-1204.0,-76.0,16460.0,-629.0,-58.0,-243.0,16504.15075064452
58.44420671463013,-1208.0,0.0,16332.0,-614.0,-65.0,-231.0,16376.614057857014
58.46886706352234,-1276.0,-52.0,16332.0,-648.0,-77.0,-244.0,16381.852886654793
58.49311375617981,-1144.0,-136.0,16240.0,-621.0,-45.0,-236.0,16280.811773372972
58.51781177520752,-1108.0,-64.0,16384.0,-618.0,-54.0,-227.0,16421.54730833852
58.54186749458313,-1124.0,-160.0,16272.0,-605.0,-64.0,-238.0,16311.559091638052
58.56642746925354,-1132.0,12.0,16376.0,-628.0,-72.0,-213.0,16415.08282038199
58.5910005569458,-1172.0,-76.0,16528.0,-606.0,-69.0,-248.0,16569.675434358996
58.615020751953125,-1068.0,-108.0,16344.0,-630.0,-90.0,-227.0,16379.213167914995
58.63900828361511,-1116.0,-80.0,16368.0,-628.0,-79.0,-225.0,16406.196390388603
58.66345691680908,-1200.0,-84.0,16244.0,-615.0,-70.0,-239.0,16288.480346551669
58.68745279312134,-1116.0,-144.0,16396.0,-603.0,-84.0,-242.0,16434.567472251892
58.711575746536255,-1216.0,-12.0,16516.0,-595.0,-60.0,-216.0,16560.708197417163
58.735535860061646,-1148.0,-72.0,16356.0,-615.0,-85.0,-211.0,16396.396677319073
58.75974702835083,-1156.0,-20.0,16388.0,-622.0,-72.0,-193.0,16428.733365661516
58.78564977645874,-1212.0,12.0,16384.0,-604.0,-90.0,-245.0,16428.771834802505
58.81162428855896,-1116.0,-120.0,16352.0,-602.0,-67.0,-229.0,16390.477723361208
58.83702826499939,-1100.0,-36.0,16368.0,-612.0,-64.0,-236.0,16404.960225492778
58.86252760887146,-1136.0,-108.0,16144.0,-611.0,-85.0,-239.0,16184.279285776058
58.88927340507507,-1224.0,-60.0,16320.0,-619.0,-53.0,-223.0,16365.9456188758
58.91520023345947,-1116.0,4.0,16432.0,-605.0,-90.0,-241.0,16469.854158431397
58.94006538391113,-1096.0,-176.0,16436.0,-578.0,-64.0,-231.0,16473.441899008234
58.964853048324585,-1184.0,-60.0,16460.0,-592.0,-67.0,-221.0,16502.63784974996
58.98932957649231,-1116.0,-68.0,16416.0,-625.0,-105.0,-223.0,16454.03099547342
59.01399493217468,-1236.0,-32.0,16408.0,-641.0,-57.0,-207.0,16454.518649902828
59.03959918022156,-1124.0,-148.0,16256.0,-625.0,-63.0,-241.0,16295.484527929815
59.064953565597534,-1200.0,-44.0,16452.0,-633.0,-39.0,-235.0,16495.764304814737
59.09125280380249,-1140.0,20.0,16396.0,-615.0,-62.0,-232.0,16435.596003796152
59.11741065979004,-1144.0,12.0,16416.0,-619.0,-64.0,-239.0,16455.81769466349
59.143197774887085,-1104.0,-84.0,16484.0,-613.0,-67.0,-213.0,16521.141849158004
59.17164635658264,-1148.0,-40.0,16428.0,-616.0,-74.0,-230.0,16468.111245677203
59.197880268096924,-1160.0,-16.0,16340.0,-602.0,-38.0,-230.0,16381.131096478046
59.223878383636475,-1316.0,-100.0,16360.0,-614.0,-46.0,-228.0,16413.14887521587
59.24987721443176,-1144.0,12.0,16368.0,-628.0,-57.0,-235.0,16407.93417831751
59.27577233314514,-1180.0,0.0,16448.0,-640.0,-81.0,-218.0,16490.27301168783
59.30005240440369,-1184.0,-76.0,16364.0,-602.0,-49.0,-220.0,16406.953647767765
59.32490873336792,-1156.0,-28.0,16292.0,-565.0,-79.0,-238.0,16332.98454049351
59.34922480583191,-1288.0,20.0,16436.0,-588.0,-97.0,-219.0,16486.401669254574
59.37355613708496,-1168.0,24.0,16456.0,-611.0,-93.0,-235.0,16497.41604009549
59.39967346191406,-1208.0,-28.0,16480.0,-623.0,-85.0,-244.0,16524.238197266463
59.42458367347717,-1076.0,-56.0,16516.0,-606.0,-71.0,-244.0,16551.107757488622
59.44873046875,-1068.0,-60.0,16340.0,-604.0,-94.0,-254.0,16374.975541966467
59.47285079956055,-1068.0,-24.0,16340.0,-597.0,-91.0,-226.0,16374.883205690354
59.49718952178955,-1128.0,-72.0,16388.0,-614.0,-85.0,-228.0,16426.932519493712
59.52105927467346,-1180.0,48.0,16440.0,-610.0,-61.0,-242.0,16482.36342276192
59.54497718811035,-1144.0,28.0,16440.0,-606.0,-86.0,-225.0,16479.77912473344
59.57014226913452,-1272.0,-28.0,16296.0,-622.0,-92.0,-241.0,16345.592188721705
59.594382762908936,-1124.0,48.0,16252.0,-620.0,-86.0,-216.0,16290.89267044627
59.61874461174011,-1216.0,-60.0,16368.0,-623.0,-97.0,-247.0,16413.216625634355
59.642905712127686,-1184.0,-60.0,16432.0,-625.0,-79.0,-238.0,16474.710316117853
59.667325496673584,-1100.0,8.0,16360.0,-661.0,87.0,-236.0,16396.940690262923
59.69235181808472,-1144.0,-48.0,16368.0,-644.0,-59.0,-243.0,16408.0
59.71637749671936,-1228.0,4.0,16376.0,-641.0,-52.0,-238.0,16421.978443537184
59.74060821533203,-1148.0,4.0,16444.0,-627.0,-65.0,-222.0,16484.024265937005
59.76759481430054,-1124.0,24.0,16360.0,-614.0,-32.0,-226.0,16398.583841295564
59.79327917098999,-1088.0,-140.0,16536.0,-641.0,-59.0,-239.0,16572.345639649204
59.81871819496155,-1140.0,-56.0,16360.0,-637.0,-62.0,-226.0,16399.76633979887
59.84494161605835,-1180.0,-60.0,16428.0,-617.0,-62.0,-222.0,16470.433631207165
59.871458530426025,-1200.0,-148.0,16336.0,-631.0,-87.0,-222.0,16380.68374641303
59.89805197715759,-1136.0,-124.0,16292.0,-610.0,-75.0,-227.0,16332.027920622717
59.923810720443726,-1272.0,-72.0,16412.0,-606.0,-113.0,-238.0,16461.376370158116
59.950170278549194,-1084.0,-68.0,16364.0,-605.0,-88.0,-221.0,16400.00536585278
59.97601580619812,-1160.0,-60.0,16404.0,-602.0,-84.0,-251.0,16445.072696707666
60.002307176589966,-1172.0,48.0,16360.0,-618.0,-61.0,-237.0,16401.99646384549
60.028151988983154,-1148.0,4.0,16384.0,-605.0,-40.0,-233.0,16424.17048133634
60.05434823036194,-1132.0,0.0,16316.0,-603.0,-72.0,-223.0,16355.221796111478
60.08062219619751,-1060.0,-80.0,16436.0,-633.0,-84.0,-232.0,16470.3398872033
60.106828927993774,-1148.0,-80.0,16420.0,-603.0,-69.0,-211.0,16460.276546887053
60.13295388221741,-1176.0,-80.0,16420.0,-594.0,-89.0,-222.0,16462.253065725847
60.15877604484558,-1144.0,48.0,16384.0,-628.0,-51.0,-232.0,16423.96103258894
60.18461871147156,-1072.0,-96.0,16424.0,-614.0,-68.0,-248.0,16459.227685404927
60.210166931152344,-1176.0,24.0,16408.0,-607.0,-64.0,-232.0,16450.10686895377
60.23661804199219,-1176.0,-12.0,16320.0,-625.0,-70.0,-240.0,16362.320128881478
60.262391328811646,-1160.0,-176.0,16460.0,-642.0,-61.0,-234.0,16501.762814923743
60.28735089302063,-1112.0,12.0,16416.0,-614.0,-54.0,-233.0,16453.62403849073
60.31226301193237,-1232.0,-12.0,16452.0,-627.0,-88.0,-224.0,16498.06873546113
60.33665728569031,-1156.0,-36.0,16512.0,-612.0,-101.0,-222.0,16552.455286150147
60.360878705978394,-1144.0,12.0,16400.0,-642.0,-94.0,-236.0,16439.85644706182
60.38517999649048,-1144.0,-36.0,16384.0,-620.0,-65.0,-262.0,16423.930345687662
60.40899348258972,-1144.0,-80.0,16328.0,-614.0,-43.0,-227.0,16368.22287238294
60.43494939804077,-1124.0,-64.0,16392.0,-613.0,-85.0,-238.0,16430.615813170243
60.4601411819458,-1128.0,-100.0,16280.0,-600.0,-92.0,-249.0,16319.337731660558
60.48415493965149,-1132.0,-112.0,16292.0,-622.0,-64.0,-245.0,16331.66347926628
60.50900673866272,-1240.0,-36.0,16496.0,-618.0,-56.0,-249.0,16542.578759068972
60.533674240112305,-1156.0,-172.0,16356.0,-597.0,-105.0,-235.0,16397.702765936454
60.55906391143799,-1140.0,-40.0,16436.0,-596.0,-149.0,-209.0,16475.53628869179
60.58378839492798,-1080.0,-36.0,16344.0,-598.0,-76.0,-229.0,16379.683513426015
60.60974860191345,-1164.0,-16.0,16320.0,-624.0,-73.0,-225.0,16361.465460037496
60.63356399536133,-1188.0,-88.0,16412.0,-631.0,-68.0,-239.0,16455.176449980718
60.658038854599,-1156.0,-160.0,16216.0,-622.0,-61.0,-234.0,16257.939352820824
60.682475328445435,-1112.0,-28.0,16452.0,-657.0,12.0,-238.0,16489.561304049297
60.70693063735962,-1312.0,-104.0,16440.0,-612.0,-20.0,-245.0,16492.59712719619
60.73158121109009,-1152.0,-28.0,16436.0,-638.0,-40.0,-226.0,16476.34619689693
60.756250858306885,-1224.0,-88.0,16336.0,-630.0,-32.0,-224.0,16382.02722498043
60.781975746154785,-1172.0,24.0,16360.0,-644.0,-61.0,-244.0,16401.94378724668
60.80716156959534,-1108.0,-44.0,16392.0,-601.0,-70.0,-226.0,16429.463290077372
60.833327293395996,-1108.0,-40.0,16404.0,-607.0,-82.0,-249.0,16441.42572893239
60.859700441360474,-1096.0,-40.0,16332.0,-633.0,-70.0,-246.0,16368.7824837402
60.88642454147339,-1176.0,-104.0,16444.0,-621.0,-85.0,-225.0,16486.32548508005
60.910773038864136,-1128.0,-108.0,16364.0,-595.0,-124.0,-211.0,16403.187007408043
60.93567395210266,-1116.0,-140.0,16320.0,-614.0,-61.0,-249.0,16358.711929733343
60.96004271507263,-1056.0,-48.0,16424.0,-626.0,-53.0,-244.0,16457.98335155313
60.98472332954407,-1104.0,-4.0,16400.0,-677.0,96.0,-238.0,16437.11750885781
61.00906443595886,-1368.0,-20.0,16572.0,-594.0,-96.0,-232.0,16628.37959634071
61.034141302108765,-1252.0,-188.0,16432.0,-604.0,-145.0,-225.0,16480.699985134128
61.05981183052063,-1088.0,96.0,16384.0,-591.0,-101.0,-233.0,16420.36589117307
61.085227489471436,-1212.0,-56.0,16472.0,-618.0,-106.0,-229.0,16516.623868091203
61.11136484146118,-1120.0,-96.0,16364.0,-623.0,-22.0,-220.0,16402.564189784473
61.136929512023926,-1160.0,-148.0,16424.0,-614.0,-61.0,-234.0,16465.578641517583
61.16273069381714,-1128.0,-120.0,16400.0,-631.0,-74.0,-224.0,16439.184407992994
61.18830394744873,-1076.0,-80.0,16396.0,-617.0,-64.0,-237.0,16431.463477122175
61.21371340751648,-1144.0,-76.0,16528.0,-617.0,-57.0,-232.0,16567.718491089832
61.23903560638428,-1164.0,-52.0,16352.0,-613.0,-75.0,-247.0,16393.459183467046
61.26399302482605,-1068.0,-132.0,16476.0,-627.0,-38.0,-244.0,16511.106080453847
61.288409948349,-1156.0,36.0,16344.0,-578.0,-189.0,-241.0,16384.870094083748
61.31370997428894,-1300.0,-88.0,16396.0,-500.0,-300.0,-227.0,16447.691631350583
61.33926320075989,-1400.0,-96.0,16556.0,-622.0,-31.0,-233.0,16615.364937310285
61.36380887031555,-1216.0,-80.0,16320.0,-641.0,-27.0,-213.0,16365.434794101866
61.388941287994385,-1192.0,-124.0,16464.0,-635.0,-15.0,-232.0,16507.559965058434
61.413877725601196,-1140.0,-60.0,16436.0,-618.0,-80.0,-223.0,16475.596984631542
61.43882465362549,-1236.0,-20.0,16456.0,-605.0,-64.0,-239.0,16502.364436649677
61.463223695755005,-1140.0,-60.0,16280.0,-602.0,-49.0,-225.0,16319.975490177674
61.48810529708862,-1224.0,4.0,16392.0,-638.0,-45.0,-242.0,16437.63535305489
61.5125572681427,-1232.0,-40.0,16300.0,-617.0,-81.0,-214.0,16346.541652594287
61.53716540336609,-1152.0,-56.0,16376.0,-631.0,-36.0,-245.0,16416.5652924112
61.56201982498169,-1176.0,-148.0,16372.0,-638.0,-40.0,-237.0,16414.848887516448
61.58716869354248,-1264.0,-132.0,16528.0,-628.0,-62.0,-220.0,16576.78810867775
61.61262011528015,-1100.0,-168.0,16292.0,-643.0,-71.0,-236.0,16329.95676662985
61.63761067390442,-1204.0,8.0,16416.0,-616.0,-93.0,-232.0,16460.09526096371
61.662702798843384,-1224.0,-80.0,16332.0,-601.0,-77.0,-243.0,16377.99743558412
61.68793559074402,-1204.0,-68.0,16276.0,-607.0,-76.0,-251.0,16320.61322377318
61.71263790130615,-1044.0,-16.0,16384.0,-614.0,-94.0,-228.0,16417.236308221916
61.73737335205078,-1172.0,-100.0,16384.0,-618.0,-108.0,-241.0,16426.169364766698
61.762489795684814,-1244.0,-44.0,16400.0,-571.0,-188.0,-232.0,16447.172158155336
61.788102865219116,-1048.0,-128.0,16160.0,-652.0,84.0,-243.0,16194.452383455267
61.81460165977478,-1144.0,-32.0,16424.0,-595.0,-93.0,-218.0,16463.825071957002
61.84033799171448,-1088.0,-148.0,16524.0,-501.0,-356.0,-210.0,16560.44154000732
61.86728644371033,-1036.0,-752.0,16072.0,-479.0,-385.0,-128.0,16122.90246822823
61.88970136642456,-1512.0,-1076.0,16404.0,-514.0,-513.0,248.0,16508.638223669448
61.91195774078369,-1060.0,68.0,16360.0,-684.0,-54.0,508.0,16394.444912835566
61.9345383644104,-1000.0,196.0,16312.0,-596.0,-248.0,403.0,16343.798824018852
61.95706272125244,-1240.0,100.0,16516.0,-644.0,-224.0,450.0,16562.78527301492
61.97979927062988,-964.0,440.0,16384.0,-757.0,80.0,327.0,16418.23230436212
62.00292253494263,-1132.0,24.0,16540.0,-610.0,-151.0,114.0,16578.709238055897
62.02555966377258,-1232.0,-188.0,16436.0,-636.0,-148.0,173.0,16483.18124634926
62.04882526397705,-1116.0,0.0,16432.0,-681.0,-51.0,306.0,16469.853672695455
62.07137084007263,-924.0,380.0,16464.0,-705.0,33.0,82.0,16494.286040929448
62.09411001205444,-1108.0,32.0,16384.0,-646.0,-28.0,-184.0,16421.45377242831
62.11654710769653,-1192.0,-8.0,16520.0,-598.0,-163.0,-197.0,16562.950461798766
62.13899254798889,-1076.0,-136.0,16416.0,-558.0,-204.0,-193.0,16451.787987936143
62.16183352470398,-1148.0,-156.0,16452.0,-519.0,-233.0,-145.0,16492.7421613266
62.18430280685425,-1132.0,-212.0,16340.0,-503.0,-335.0,-23.0,16380.5362549582
62.20710039138794,-1028.0,-48.0,16408.0,-557.0,-230.0,101.0,16440.24184736952
62.22861409187317,-1116.0,-128.0,16332.0,-510.0,-284.0,47.0,16370.585328570265
62.250542402267456,-1116.0,-376.0,16428.0,-520.0,-328.0,96.0,16470.155311957446
62.27205753326416,-928.0,-112.0,16212.0,-554.0,-252.0,151.0,16238.924594935466
62.29493856430054,-920.0,-28.0,16428.0,-573.0,-230.0,31.0,16453.76455404659
62.31689691543579,-1068.0,88.0,16376.0,-504.0,-403.0,54.0,16411.0250746259
62.339165925979614,-1052.0,-396.0,16508.0,-519.0,-352.0,1.0,16546.2256723399
62.36135482788086,-1216.0,-436.0,16388.0,-493.0,-391.0,50.0,16438.83499521788
62.38333177566528,-980.0,-288.0,16252.0,-476.0,-493.0,52.0,16284.067305191293
62.40593957901001,-852.0,216.0,16244.0,-627.0,-166.0,-66.0,16267.762476751373
62.42786741256714,-532.0,1224.0,16504.0,-766.0,85.0,-306.0,16557.87474285272
62.44967699050903,-1264.0,700.0,16304.0,-619.0,167.0,-540.0,16367.898826666787
62.47417426109314,-960.0,60.0,16308.0,-570.0,-154.0,-270.0,16336.341818167248
62.49591255187988,-856.0,-156.0,15880.0,-1154.0,742.0,-361.0,15903.819415473756
62.51947522163391,-772.0,4.0,16320.0,-346.0,-605.0,-215.0,16338.24960024788
62.54254984855652,-976.0,-96.0,16608.0,-485.0,-253.0,-352.0,16636.930486120327
62.565364360809326,-832.0,48.0,16304.0,-609.0,-54.0,-494.0,16325.285418638168
62.588303565979004,-904.0,160.0,16232.0,-613.0,-125.0,-504.0,16257.940829022598
62.61178112030029,-996.0,84.0,16460.0,-685.0,26.0,-419.0,16490.3205547982
62.63605976104736,-1052.0,-104.0,16536.0,-483.0,-300.0,-362.0,16569.756063382465
62.65945363044739,-696.0,-376.0,16560.0,-498.0,-94.0,-424.0,16578.883919009746
62.68259286880493,-956.0,16.0,16312.0,-586.0,-86.0,-567.0,16339.99804161555
62.70586013793945,-996.0,232.0,16384.0,-579.0,-69.0,-501.0,16415.885477183372
62.73032188415527,-1084.0,-48.0,16312.0,-571.0,-18.0,-480.0,16348.04893557638
62.7536735534668,-1032.0,220.0,16492.0,-593.0,-58.0,-457.0,16525.72201145838
62.77636933326721,-1060.0,164.0,16444.0,-633.0,8.0,-364.0,16478.945111869267
62.799925088882446,-984.0,208.0,16360.0,-669.0,14.0,-312.0,16390.88527200407
62.82406735420227,-936.0,-24.0,16432.0,-625.0,-79.0,-285.0,16458.65413695786
62.84816265106201,-920.0,-120.0,16344.0,-555.0,-227.0,-318.0,16370.312642096973
62.87299633026123,-864.0,-88.0,16108.0,-528.0,-158.0,-370.0,16131.394979976158
62.897188901901245,-968.0,284.0,16288.0,-655.0,-56.0,-430.0,16319.210275010246
62.92117667198181,-1036.0,144.0,16456.0,-646.0,-45.0,-341.0,16489.207621956855
62.94561553001404,-968.0,40.0,16484.0,-618.0,-114.0,-285.0,16512.44621490105
62.96983361244202,-980.0,-84.0,16336.0,-554.0,-202.0,-304.0,16365.584376978415
62.99627685546875,-948.0,-112.0,16424.0,-530.0,-238.0,-333.0,16451.717965002925
63.019851207733154,-756.0,20.0,16548.0,-655.0,133.0,-403.0,16565.272107635297
63.04327368736267,-1032.0,4.0,16384.0,-629.0,38.0,-329.0,16416.470266168668
63.06804823875427,-980.0,96.0,16304.0,-628.0,-15.0,-304.0,16333.708458277319
63.09154295921326,-940.0,128.0,16280.0,-618.0,-36.0,-265.0,16307.617361221106
63.11485147476196,-948.0,-20.0,16400.0,-601.0,-104.0,-255.0,16427.388836939364
63.13835692405701,-964.0,132.0,16424.0,-702.0,39.0,-255.0,16452.795993386655
63.1667423248291,-980.0,84.0,16576.0,-674.0,88.0,-246.0,16605.15678938323
63.18943786621094,-904.0,-40.0,16420.0,-591.0,-120.0,-230.0,16444.914593879774
63.21256184577942,-980.0,0.0,16272.0,-590.0,-85.0,-237.0,16301.484104215788
63.235581398010254,-972.0,-52.0,16412.0,-632.0,-27.0,-245.0,16440.840367815752
63.25829887390137,-884.0,-56.0,16404.0,-639.0,-22.0,-249.0,16427.897248278612
63.2840530872345,-1084.0,48.0,16408.0,-612.0,-78.0,-239.0,16443.838481327894
63.31266117095947,-1064.0,8.0,16616.0,-487.0,-278.0,-243.0,16650.033513479786
63.33960437774658,-876.0,-320.0,16340.0,-479.0,-375.0,-346.0,16366.593292435662
63.362621784210205,-940.0,-64.0,16332.0,-625.0,37.0,-416.0,16359.154012356506
63.385684967041016,-1024.0,320.0,16344.0,-621.0,-44.0,-426.0,16379.173117102097
63.40843176841736,-852.0,120.0,16636.0,-611.0,-58.0,-322.0,16658.235200644755
63.43178963661194,-920.0,152.0,16384.0,-659.0,13.0,-304.0,16410.513703111184
63.454371213912964,-948.0,120.0,16396.0,-745.0,121.0,-255.0,16423.82172333833
63.478179693222046,-896.0,140.0,16216.0,-727.0,156.0,-275.0,16241.338368496607
63.501118421554565,-932.0,-44.0,16424.0,-656.0,6.0,-230.0,16450.481330344108
63.5238299369812,-896.0,44.0,16448.0,-583.0,-110.0,-235.0,16472.445355805554
63.54689693450928,-1012.0,-92.0,16292.0,-580.0,-124.0,-233.0,16323.659883739308
63.56962180137634,-1024.0,76.0,16336.0,-707.0,95.0,-265.0,16368.239001187636
63.593456983566284,-976.0,64.0,16424.0,-787.0,214.0,-277.0,16453.09843160248
63.61703372001648,-980.0,-56.0,16280.0,-763.0,154.0,-261.0,16309.565782080159
63.6406614780426,-1184.0,-36.0,16484.0,-562.0,-121.0,-219.0,16526.506224849825
63.664257764816284,-1072.0,-104.0,16340.0,-394.0,-458.0,-193.0,16375.457245524474
63.68690514564514,-1016.0,4.0,16404.0,-388.0,-455.0,-180.0,16435.433915780868
63.71066117286682,-752.0,-212.0,16348.0,-514.0,-271.0,-272.0,16366.659769177093
63.73393368721008,-1036.0,-80.0,16480.0,-556.0,-152.0,-332.0,16512.725274769153
63.75674843788147,-876.0,188.0,16380.0,-663.0,-7.0,-351.0,16404.484752652246
63.78007435798645,-1000.0,136.0,16344.0,-626.0,47.0,-305.0,16375.12845751141
63.8041467666626,-1032.0,120.0,16372.0,-683.0,101.0,-270.0,16404.932428998298
63.82916784286499,-932.0,20.0,16536.0,-687.0,130.0,-257.0,16562.255884993447
63.853933811187744,-1028.0,-32.0,16504.0,-623.0,-98.0,-218.0,16536.0159651592
63.879382848739624,-932.0,-32.0,16360.0,-581.0,-118.0,-233.0,16386.556929385744
63.90517854690552,-912.0,-36.0,16272.0,-626.0,-54.0,-241.0,16297.577243259195
63.93091630935669,-884.0,60.0,16208.0,-779.0,180.0,-279.0,16232.20009733739
63.956655740737915,-988.0,12.0,16316.0,-869.0,383.0,-298.0,16345.890737430003
63.982224225997925,-1100.0,-108.0,16704.0,-798.0,156.0,-281.0,16740.52806813453
64.00757217407227,-1048.0,-64.0,16548.0,-522.0,-230.0,-218.0,16581.275704842497
64.03194665908813,-1084.0,12.0,16432.0,-307.0,-586.0,-168.0,16467.720668022033
64.05638265609741,-892.0,-108.0,16348.0,-366.0,-499.0,-187.0,16372.673330888882
64.08044266700745,-896.0,-116.0,16364.0,-517.0,-201.0,-278.0,16388.92211220738
64.10426187515259,-936.0,104.0,16388.0,-587.0,-186.0,-328.0,16415.037496149682
64.12738513946533,-884.0,116.0,16520.0,-664.0,164.0,-307.0,16544.041586021234
64.15338039398193,-936.0,128.0,16224.0,-684.0,45.0,-272.0,16251.481655529135
64.17839813232422,-880.0,100.0,16428.0,-761.0,174.0,-287.0,16451.85655176947
64.20638227462769,-876.0,-28.0,16452.0,-750.0,304.0,-251.0,16475.328949675026
64.24129748344421,-1120.0,-52.0,16480.0,-610.0,-91.0,-231.0,16518.09625834648
64.27099680900574,-1092.0,-96.0,16364.0,-576.0,-146.0,-239.0,16400.676083625334
64.29693746566772,-980.0,-24.0,16396.0,-632.0,-99.0,-234.0,16425.279053946084
64.32133030891418,-992.0,56.0,16316.0,-758.0,150.0,-247.0,16346.224518218267
64.34523129463196,-1008.0,44.0,16368.0,-853.0,299.0,-268.0,16399.067778383014
64.36956763267517,-972.0,-120.0,16548.0,-701.0,219.0,-237.0,16576.956536107584
64.3941376209259,-1088.0,-48.0,16588.0,-528.0,-204.0,-219.0,16623.71173956045
64.41871404647827,-1068.0,-44.0,16552.0,-381.0,-477.0,-200.0,16586.478348341458
64.44531965255737,-956.0,112.0,16280.0,-362.0,-552.0,-178.0,16308.429722079314
64.47078204154968,-844.0,-64.0,16288.0,-493.0,-278.0,-241.0,16309.97780501249
64.49608516693115,-1072.0,72.0,16208.0,-609.0,-146.0,-294.0,16243.572020956475
64.5202317237854,-1000.0,192.0,16400.0,-679.0,18.0,-293.0,16431.581299436766
64.55067873001099,-972.0,-44.0,16260.0,-751.0,103.0,-258.0,16289.085916649836
64.5768973827362,-1068.0,-68.0,16364.0,-679.0,26.0,-263.0,16398.95557649938
64.60293459892273,-1128.0,-156.0,16468.0,-609.0,-81.0,-234.0,16507.32395029552
64.62724494934082,-1076.0,8.0,16280.0,-581.0,-132.0,-241.0,16315.521444317985
64.65254926681519,-1068.0,-12.0,16340.0,-584.0,-108.0,-220.0,16374.870014751263
64.67850255966187,-1040.0,-32.0,16224.0,-653.0,-7.0,-226.0,16257.330654200277
64.70368599891663,-924.0,64.0,16308.0,-820.0,253.0,-280.0,16334.281006521223
64.72957992553711,-952.0,252.0,16440.0,-834.0,565.0,-281.0,16469.468965330972
64.7544252872467,-1136.0,-52.0,16664.0,-696.0,26.0,-245.0,16702.757137670415
64.78133177757263,-1064.0,40.0,16500.0,-511.0,-246.0,-222.0,16534.3187340755
64.80728459358215,-1176.0,-104.0,16536.0,-348.0,-528.0,-191.0,16578.090601755077
64.8331356048584,-884.0,32.0,16224.0,-319.0,-604.0,-178.0,16248.096996263901
64.85841107368469,-828.0,-204.0,16404.0,-534.0,-200.0,-321.0,16426.150370674197
64.88457536697388,-968.0,-112.0,16404.0,-549.0,-196.0,-349.0,16432.917695893204
64.91111278533936,-1076.0,280.0,16360.0,-688.0,65.0,-348.0,16397.736917026083
64.936044216156,-892.0,96.0,16264.0,-727.0,112.0,-249.0,16288.725425888915
64.96161317825317,-1012.0,12.0,16340.0,-751.0,139.0,-267.0,16371.312958953537
64.98696875572205,-928.0,-100.0,16608.0,-627.0,-69.0,-239.0,16634.207164755404
65.01097249984741,-928.0,32.0,16432.0,-599.0,-138.0,-209.0,16458.214726998795
65.03601026535034,-984.0,-16.0,16376.0,-616.0,-90.0,-234.0,16405.54442863753
65.06130480766296,-964.0,60.0,16248.0,-652.0,18.0,-248.0,16276.682708709413
65.09446716308594,-928.0,56.0,16340.0,-846.0,316.0,-285.0,16366.42661059524
65.1200590133667,-1060.0,4.0,16648.0,-839.0,342.0,-289.0,16681.71214234318
65.14474439620972,-1028.0,-64.0,16404.0,-655.0,43.0,-265.0,16436.304207454912
65.16915154457092,-1076.0,-96.0,16360.0,-511.0,-221.0,-227.0,16395.627221914994
65.19320273399353,-1040.0,-4.0,16552.0,-359.0,-494.0,-199.0,16584.641087464028
65.21725344657898,-988.0,-8.0,16404.0,-277.0,-605.0,-153.0,16433.728244071703
65.24116802215576,-932.0,-108.0,16236.0,-515.0,-290.0,-258.0,16263.086545917415
65.26484298706055,-948.0,324.0,16484.0,-571.0,-155.0,-359.0,16514.416005417814
65.28851962089539,-1028.0,304.0,16480.0,-700.0,5.0,-309.0,16514.82969939442
65.31215119361877,-924.0,176.0,16396.0,-706.0,95.0,-265.0,16422.95856415646
65.33604431152344,-896.0,24.0,16372.0,-768.0,208.0,-272.0,16396.517191159834
65.36122918128967,-1060.0,-60.0,16624.0,-721.0,117.0,-245.0,16657.868290990897
65.3860867023468,-1100.0,-100.0,16508.0,-498.0,-263.0,-209.0,16544.910516530454
65.41068530082703,-948.0,24.0,16340.0,-524.0,-196.0,-219.0,16367.494615853704
65.43397426605225,-1016.0,52.0,16192.0,-636.0,-15.0,-227.0,16223.927514630976
65.45782899856567,-940.0,4.0,16216.0,-815.0,224.0,-269.0,16243.22234041017
65.48193144798279,-1004.0,-12.0,16484.0,-863.0,368.0,-312.0,16514.55164392906
65.50586009025574,-1060.0,-128.0,16552.0,-708.0,69.0,-256.0,16586.400694544915
65.52991962432861,-1116.0,-152.0,16480.0,-517.0,-225.0,-210.0,16518.443025902896
65.55403685569763,-1124.0,-36.0,16352.0,-380.0,-412.0,-222.0,16390.62463727359
65.5788631439209,-1048.0,-84.0,16464.0,-343.0,-524.0,-194.0,16497.534846152015
65.60298919677734,-840.0,-224.0,16376.0,-519.0,-302.0,-236.0,16399.059485226586
65.62885928153992,-1084.0,252.0,16296.0,-620.0,-138.0,-294.0,16333.957756771628
65.6583993434906,-964.0,208.0,16372.0,-670.0,-5.0,-267.0,16401.675036410154
65.68346309661865,-1044.0,-88.0,16444.0,-741.0,116.0,-245.0,16477.342504178276
65.70741367340088,-1100.0,16.0,16412.0,-731.0,98.0,-271.0,16448.829745608044
65.73168110847473,-1104.0,8.0,16300.0,-639.0,-79.0,-261.0,16337.346173721116
65.75551724433899,-948.0,32.0,16304.0,-586.0,-134.0,-223.0,16331.568938714981
65.77910494804382,-960.0,-32.0,16160.0,-604.0,-104.0,-215.0,16188.521365461393
65.80405807495117,-1056.0,20.0,16412.0,-635.0,-6.0,-238.0,16445.95026138654
65.90275120735168,-1004.0,8.0,16224.0,-843.0,308.0,-300.0,16255.037865228122
65.92997670173645,-1132.0,68.0,16512.0,-871.0,426.0,-304.0,16550.897014965685
65.95564532279968,-1144.0,16.0,16488.0,-791.0,191.0,-288.0,16527.647624510875
65.98031902313232,-1080.0,-76.0,16460.0,-642.0,-22.0,-257.0,16495.568374566545
66.00526475906372,-1116.0,-108.0,16508.0,-472.0,-266.0,-220.0,16546.032273629833
66.03010392189026,-1036.0,-16.0,16496.0,-349.0,-498.0,-167.0,16528.507736634907
66.05655550956726,-1020.0,-88.0,16432.0,-355.0,-476.0,-157.0,16463.86248727801
66.08278608322144,-968.0,-4.0,16320.0,-407.0,-421.0,-194.0,16348.68312739592
66.10993552207947,-896.0,96.0,16272.0,-595.0,-113.0,-284.0,16296.932717539212
66.13515329360962,-1012.0,256.0,16452.0,-717.0,43.0,-273.0,16485.08368192288
66.16011548042297,-964.0,-40.0,16464.0,-745.0,113.0,-256.0,16492.246420666896
66.1844892501831,-988.0,-16.0,16564.0,-706.0,85.0,-256.0,16593.447381421378
66.20970225334167,-1084.0,-56.0,16496.0,-525.0,-155.0,-216.0,16531.672873608404
66.23480129241943,-1052.0,24.0,16248.0,-569.0,-143.0,-242.0,16282.038692989277
66.25958752632141,-992.0,24.0,16412.0,-627.0,-27.0,-247.0,16441.970198245708
66.28361511230469,-908.0,132.0,16372.0,-820.0,269.0,-258.0,16397.691056975065
66.3081636428833,-1164.0,-28.0,16396.0,-838.0,321.0,-318.0,16437.28980093738
66.33282780647278,-1196.0,-136.0,16448.0,-738.0,59.0,-244.0,16491.986417651453
66.35771989822388,-1168.0,-16.0,16464.0,-588.0,-144.0,-239.0,16505.38627236576
66.38236594200134,-1044.0,24.0,16440.0,-445.0,-331.0,-208.0,16473.133035339695
66.40700244903564,-948.0,-16.0,16368.0,-356.0,-466.0,-190.0,16395.43790205068
66.43154644966125,-1008.0,-44.0,16404.0,-398.0,-419.0,-204.0,16434.999726194095
66.45626425743103,-904.0,-36.0,16344.0,-513.0,-251.0,-217.0,16369.020984774868
66.48223996162415,-988.0,152.0,16144.0,-637.0,-7.0,-276.0,16174.91836146322
66.51133728027344,-952.0,96.0,16340.0,-703.0,54.0,-243.0,16367.990713584853
66.537752866745,-908.0,-72.0,16348.0,-756.0,160.0,-259.0,16373.354940268046
66.56426501274109,-1072.0,-48.0,16420.0,-676.0,35.0,-271.0,16455.026223011617
66.58981394767761,-992.0,8.0,16420.0,-555.0,-171.0,-242.0,16449.94006068107
66.61504340171814,-960.0,-52.0,16368.0,-610.0,-96.0,-233.0,16396.210781762962
66.6388156414032,-996.0,12.0,16316.0,-673.0,-10.0,-237.0,16346.37623450531
66.6635890007019,-872.0,-52.0,16252.0,-771.0,193.0,-265.0,16275.459809172828
66.68762612342834,-1028.0,-120.0,16508.0,-863.0,328.0,-307.0,16540.412570428827
66.71230673789978,-980.0,60.0,16496.0,-756.0,193.0,-264.0,16525.193372544843
66.73793768882751,-1096.0,-112.0,16520.0,-602.0,-86.0,-228.0,16556.695322436783
66.76252293586731,-1084.0,-76.0,16620.0,-456.0,-328.0,-210.0,16655.4865434787
66.78840279579163,-1024.0,36.0,16400.0,-302.0,-554.0,-186.0,16431.97711780296
66.81577157974243,-956.0,56.0,16360.0,-346.0,-467.0,-188.0,16388.003905296093
66.84257650375366,-856.0,-212.0,16348.0,-491.0,-308.0,-210.0,16371.767894763228
66.86849546432495,-956.0,220.0,16440.0,-635.0,-54.0,-312.0,16469.242119781953
66.89442443847656,-904.0,96.0,16456.0,-689.0,21.0,-273.0,16481.091226008066
66.92047619819641,-924.0,12.0,16312.0,-791.0,216.0,-266.0,16338.153628852924
66.94669580459595,-1156.0,-52.0,16380.0,-764.0,209.0,-259.0,16420.82336547105
66.9713716506958,-1116.0,8.0,16584.0,-559.0,-214.0,-224.0,16621.50943807451
66.99632525444031,-988.0,0.0,16184.0,-610.0,-91.0,-246.0,16214.129640532667
67.0205979347229,-1012.0,24.0,16380.0,-655.0,-24.0,-253.0,16411.249800060934
67.04609656333923,-924.0,60.0,16376.0,-803.0,220.0,-285.0,16402.156931330708
67.07108521461487,-1044.0,0.0,16400.0,-898.0,364.0,-293.0,16433.196158994757
67.0960602760315,-1176.0,-92.0,16460.0,-793.0,167.0,-275.0,16502.213184903412
67.12067341804504,-1160.0,-164.0,16472.0,-606.0,-88.0,-234.0,16513.608933240488
67.14552307128906,-1104.0,-16.0,16408.0,-443.0,-381.0,-195.0,16445.106749425497
67.16990280151367,-1060.0,-108.0,16312.0,-310.0,-616.0,-184.0,16346.761391786447
67.19461941719055,-980.0,72.0,16344.0,-348.0,-534.0,-176.0,16373.512756888791
67.21940422058105,-860.0,-48.0,16268.0,-491.0,-318.0,-255.0,16290.78659856546
67.24441599845886,-1024.0,124.0,16472.0,-629.0,-51.0,-317.0,16504.26417626669
67.26846933364868,-904.0,48.0,16380.0,-687.0,39.0,-251.0,16404.99679975586
67.29205441474915,-948.0,72.0,16284.0,-768.0,164.0,-259.0,16311.73025770105
67.3161952495575,-1100.0,-100.0,16532.0,-693.0,104.0,-267.0,16568.857051709994
67.34023547172546,-992.0,-16.0,16316.0,-570.0,-108.0,-224.0,16346.136424244109
67.36431622505188,-1024.0,8.0,16468.0,-639.0,-44.0,-243.0,16499.807998882898
67.38871312141418,-988.0,-4.0,16464.0,-658.0,-8.0,-242.0,16493.618644797145
67.41318345069885,-980.0,156.0,16232.0,-763.0,226.0,-283.0,16262.304879690333
67.43889498710632,-996.0,-16.0,16440.0,-873.0,331.0,-290.0,16470.150940413387
67.46374893188477,-1108.0,-96.0,16432.0,-798.0,215.0,-285.0,16469.59331616904
67.48892498016357,-1052.0,-76.0,16348.0,-701.0,50.0,-250.0,16381.989622753397
67.51357769966125,-1172.0,-76.0,16436.0,-522.0,-203.0,-214.0,16477.908119661308
67.53828525543213,-1124.0,-124.0,16564.0,-332.0,-527.0,-186.0,16602.55546595162
67.56205344200134,-964.0,48.0,16336.0,-334.0,-570.0,-149.0,16364.488870722484
67.5851662158966,-988.0,-72.0,16500.0,-369.0,-456.0,-175.0,16529.710463283984
67.60810732841492,-904.0,-40.0,16316.0,-610.0,-139.0,-311.0,16341.07315937359
67.6309723854065,-952.0,180.0,16344.0,-688.0,20.0,-255.0,16372.691898402047
67.65366649627686,-900.0,-112.0,16352.0,-792.0,204.0,-252.0,16377.131861226495
67.67671298980713,-1056.0,-20.0,16424.0,-749.0,109.0,-242.0,16457.925507183463
67.70051860809326,-1012.0,68.0,16408.0,-553.0,-178.0,-234.0,16439.319693953275
67.72426223754883,-968.0,-36.0,16388.0,-621.0,-100.0,-212.0,16416.603302754196
67.74715304374695,-1060.0,-24.0,16248.0,-621.0,-38.0,-237.0,16282.557538666952
67.76986718177795,-972.0,12.0,16196.0,-717.0,117.0,-265.0,16225.145423077107
67.79449367523193,-992.0,-12.0,16348.0,-829.0,340.0,-273.0,16378.074123656908
67.81823301315308,-1232.0,-16.0,16384.0,-765.0,146.0,-295.0,16430.26280982748
67.84326720237732,-1144.0,28.0,16356.0,-647.0,-17.0,-245.0,16395.98292265517
67.8670597076416,-1128.0,-96.0,16500.0,-494.0,-236.0,-213.0,16538.79076595384
67.89049291610718,-1004.0,-144.0,16424.0,-343.0,-515.0,-186.0,16455.288754683097
67.9144971370697,-960.0,32.0,16320.0,-374.0,-480.0,-180.0,16348.242229671054
67.9388062953949,-868.0,-60.0,16408.0,-474.0,-288.0,-209.0,16431.0525530168
67.96299815177917,-964.0,-68.0,16148.0,-588.0,-124.0,-255.0,16176.891666819061
67.98637533187866,-1108.0,180.0,16488.0,-662.0,-32.0,-274.0,16526.167371777403
68.00958919525146,-988.0,-116.0,16356.0,-690.0,73.0,-248.0,16386.22397015249
68.03378558158875,-1072.0,28.0,16388.0,-764.0,148.0,-265.0,16423.04819453441
68.05729484558105,-1112.0,-8.0,16480.0,-601.0,-102.0,-246.0,16517.47583621662
68.08118534088135,-952.0,56.0,16308.0,-641.0,-53.0,-234.0,16335.859450913502
68.10435247421265,-1064.0,-8.0,16472.0,-675.0,38.0,-256.0,16506.330421992647
68.12731575965881,-984.0,-48.0,16336.0,-710.0,82.0,-272.0,16365.679209858661
68.1511743068695,-1004.0,100.0,16324.0,-841.0,325.0,-275.0,16355.151848882357
68.17479634284973,-1188.0,-76.0,16560.0,-779.0,201.0,-265.0,16602.732305256264
68.19827365875244,-1268.0,-60.0,16444.0,-686.0,4.0,-239.0,16492.924543573223
68.22150874137878,-1092.0,20.0,16496.0,-558.0,-189.0,-225.0,16532.11662189691
68.24509572982788,-1088.0,-124.0,16596.0,-369.0,-486.0,-185.0,16632.087541857156
68.26832270622253,-968.0,-16.0,16292.0,-303.0,-608.0,-175.0,16320.739689119486
68.29104399681091,-924.0,-48.0,16260.0,-398.0,-422.0,-198.0,16286.303447989663
68.3142032623291,-900.0,0.0,16216.0,-604.0,-135.0,-302.0,16240.956129489421
68.33703088760376,-1012.0,140.0,16404.0,-681.0,9.0,-262.0,16435.7829141176
68.36047148704529,-936.0,144.0,16308.0,-675.0,55.0,-264.0,16335.473546855015
68.3831729888916,-924.0,8.0,16356.0,-729.0,112.0,-263.0,16382.080942297898
68.40618944168091,-1156.0,-32.0,16476.0,-661.0,-30.0,-231.0,16516.53522988402
68.42900514602661,-1028.0,100.0,16404.0,-594.0,-90.0,-246.0,16436.483808892946
68.45234513282776,-1004.0,-16.0,16400.0,-662.0,-46.0,-225.0,16430.71124449578
68.47516870498657,-980.0,-12.0,16356.0,-649.0,-4.0,-242.0,16385.337347763092
68.49768614768982,-1116.0,-56.0,16300.0,-765.0,167.0,-272.0,16338.255476029257
68.52277755737305,-1108.0,8.0,16376.0,-793.0,195.0,-288.0,16413.442783279806
68.54979062080383,-1032.0,-8.0,16496.0,-735.0,64.0,-245.0,16528.251692178455
68.57308292388916,-1060.0,-132.0,16520.0,-592.0,-112.0,-241.0,16554.498603098797
68.59647870063782,-1100.0,-36.0,16484.0,-396.0,-465.0,-178.0,16520.70071153158
68.6203544139862,-1100.0,-104.0,16304.0,-308.0,-614.0,-184.0,16341.396268373153
68.64395236968994,-888.0,-32.0,16332.0,-392.0,-421.0,-206.0,16356.154560287085
yoooooooooooooooooooooooooooooooooooooooooooooo